221 02221020112221122221102121012002110210202101101122021021000110002100212212101101021100020101201122011021111021002020011012111012112212021222111011000011020020120111002010012210212222121210202101011100212111002121200120221111201221011200010122210002111001221121212210101112212100001101221212112121001121110001112120101000221111102202122110221221111001000110100120112010121112001010001010022122210121100021111211122111210000120001211102212200111112212121011111002221111011120102210210001102111112202000120111001120121212111121112201020110210212102122222011122010201201111222221121121210110102201100101001121121111211120201211022122101201222102210102221210021122122002002002221100100021212102110211122211122112201020111212121211212112210011220212012000210210010122212220201220002112200112022100110221210
222 01112220201121212110211111021101011211202101110002001121120202100200101212211200121001111220111202212120202201002010011112011102212222012211011110010021122010101212002000001221201012120110200012212001200211001211100022210101112212002001100122210010012011110221222101002212212101121202211222002120002221021101201110111210210111021102121011122112200112020102000121112211102120201001000111221121210102221121020201110011212212101011121012002000212120100121110022112122211111110211200000210200212111021010212101120120201221201121021212211200101222110101121121211122011112200111210020111012020120101020122012111121221011121200212112122211212212121000122110211111121212010001111221101201001122101102221122111111110111020212211002222222011210011221111010201110011022212212220101222111201211100122010010220100
223 21112111101212121211212021000102211212122202020011111021201211011201112212200000112012120110212120011120101112222021201111111012112112111212100020201112021021121222001002101200202012221110211011112100110211102211010212210012111211002211120111210011002111021120212120202202221202111102122221112001011111010221210201102200222221111222020211122202121011111001212120022110211021101102011010122120111201210000021102012110110101121100210001001110001011011121021012202221012001120112111211120211001100212101202010000210210221111221121222210201011112211221022112112102210111211212220011001001110111122111112111201221222102220201211121202011202201211100202111221222212222112011112222000010012012111201210221211011111121110200121022222122110110020121020110100221200022211211101101211102111222100221011121212101
224 11100220202221110010220100111202121021211102010012220121221211102110002121220200122001222211221022111122202110111001010101012021102011120212100121211120111010121002112010101211102111021210100111122110121212012111020012102202110212111101222122211010102012111211121121101102121211011012212210212020102121110021000220220010201122112202011011221201212011220111001021221011211121220101010110021110012202200011020111021220221210010010211002011022212120111120011011012122000100112111120210011200100011201000222101111212200102112220122212120221210102202112222112211121010211222102121010012002111110212000211121111221012010012102122021112001212122012101012110120110112112112012211112001021112221101210012220212211212021010112212210122112121210111210212011110210110011212201221101212110112101201222110112202200
225 00101010001122111010211011121202120110202011001000001110200111211200101121220212111100222111010101011011100112111111000120101002212122011201211120100021100121021002202002011101202101221210120002122010021121112222120111100121201222012112101021110100101102010211221010102012211101112011221101112002002211010120201111210220121102101201221022112212221011100001111121222020211010202201012111110111101102101000000202012210110201110111111001101001201110011210011220001021101000211111111111110202200012221111102100101200200112011121212212111120010221112210112111122211211002211211120010212010000212012101221111211211011010110100222121212011202112001010002120122011222211012002212112202011010112110211101021210022100211010100112121221121112111011111222201212101221022222222210202112000212211020121001011211111
226 00110212102102210110202100021002220121112012010011111010020121102200201212100101122101021120212121002121111121110010001022010001101212221112210210100020202002001111102022001200202111220220200111222000210110001002010020111202101212112021020211121001101010211122212211200102212010001102121212101010101200120101011112100100211121102212012122110201220012020100021120112020121022101001010011020022200111110010221010122110221000220010222002012210121011102020120012102111101100020012220220111002011022101000210200102211200211102022012212221220201112111120111011212010211102110112110211021121111202212011001010112012211022221201111112022101202221001110111220110010211202102002011212011100020212102101212212210021200101020110202121111112111211111120112022201211210011222212210201111112212211211121110111221111
227 10101121101121112010112010001102221220211211011112111112210201102222201122220201011002011220202102002120201202202001121111011122112212112211201121100211110010010111102000021210122122220110111110121101201122102111110102201121211212012111111012210010012002212220222220202111221110022102122201121210000220101011200211011200222121012212112021120211011020100012020111012211220111001122101110222000112111111010021202121110100101212101221011101101202120211120022022202212002101011202220211120211112110222121211100100111200211101110022212110220221222112100122122011010210112201112120010012002120102012111201001212111222121221110211211100112221221011100202000220201222211101000202121001001012022110210221222200020110121020202222020222122221211101020222020200120210011212111121201222010112211220122110220200100
228 02210220202211021111020121001022211222201011012012021001120101002200212121111200111012212120122212002101101211112002111212100222122011022212011220110121210021021212222002111221102111111220120121112100210211020210120002001000120222112211110102220002012102021212111111110212101200200111221222012220111022011210000121211101221202000212011022210001110111021111011121112111101020212102012221212000211121100010021112022101210001211120101011011110221102102020000001202211011110102111221220001210201101222001121011100220201011012121222211020212110212102110012012010011210120201222122021022001110111121010102111001121100001212100102111111010111222112200001120220111222212102012112022201100022102000110201211212022112001020201111021222222201002220121202001221111121012111201221202210111122112212122100220221211
229 00111120111101110200100011122111121111100011011022012212011201212211100122210200012112121120201121022011110212201000020111011112002112012211101020212120202012122211001100101220102010220220200010112100220101111202021112200011102221002211212222211010101112210221221100121112212112212012211221102001100220000112002202122000021222002111112111222200112102011002021111212101200021212011010020001021111212211010021211022211200100220010121201002000112020202120121122001221012001111101211100110211201022120211111011111011121201220122122212111120202122202200221012110121211010200212211000112112111201012011100111212120101121112211202210022112212222112100001121122222221211122002202221110201011112212202102120121000112101120200221012222212101220100021121011111210111021211102101101222112211211121222000100220012
230 12111222202121211111111201111101212222202111111022011020120222002202201112220201212111100212212112011020112111211011001101011011112111111221211120000010102012011121102001001110212022220100010200112100201120001101010111111121001112002110102012100010211002120221211001102102211001001112221221102221001121000021001112101110211121102022021210221011101002110111010221221021212021212121000111121022211121120111112201122211101101010020220102002221211120111220001121102111001000010202201121100200101122100110210001101112202221001120021102111220002101202210221012211112201201222222101100011011021100002001201021212221111021211212201111211011112212122000022011211111122221002021101212011012011200102201122212111021201011011212111112212101100120121210002011111220110002222222111100112111211101100111100100210101
231 02201211212121022001012021120101111120210210011011110102100011102201201022110212110000211221122122011020102211111100120222100122011212101110120111001121111112010111102021101202201021120110100121222011210222010012110112201011000222001000011112110000112202200211221211102101212110011010222202102021001121001211200210221111211212010221111121122202122011010111010111021001212011101102202101022120010112110021111002122210110102210000110012102100122010110120121021011022002100211211102202120212221212121111112000100111200210100211021212220210201111111121222111112211121011021001221100002001120202112111211121111220222011202110211121222100101212102110011020120211122100121101101222101001012121010201112120220020100120010202110111101220110110001220202021101120201022201110221210212121111121110122020221201210
232 01010021112022120110100022121012120122201012011002111211211111002100211122112200121001120220211111211001202101002001010112110002101221120212120111110121112021021102011001011221202021221110210011101100110222001102000112101212101212102120200221211020002112121222120220212122201101021112221221102121212210020010101221111110210112122220022121222111102001110102111121121011220022201112012111021121121012110100001101011211212200111020212012012110211000201220011010102122000202121212210101120101112111212011111101100100200221102202022202121221102222201120022022012101210111210122122100112102111211121010102111002211212122221210020021021001111121121210112010221110222111102002111122100011121221121201111211221022201010020211122122110222111101000101101000101201211022122211112201120201211201021122020211220100
233 01110121012121010120011100020001220210101012021101120001221211102201112222111200011100020120211021112100201101102101011122122121221202020112211020210120102021111102012010001121112022121000000110122110221122111211010101102201102222002200110221111110012102121222220221101202111100021212222222202120010021011021210111121110122121022202021021222200222002110111101121111011121221111000111121121011111211020210021101112110220212220001111022112101201111011121101000100112100000221101100202000100100102121000212211101220211102211220112211221210102112111122012112122100110121111211111000121001020100111020122121102121222021110201122021122001112212112110001010020021212112112022222112201012112212212101211222111221121111020212112111022212222100001202212022021200201112212112221101201111212101200222010110222100
234 01111222212222110110011121122010011211110011200122111110011200202101121111210201111001021220221102002122202201201000010112220202111112001210110110010020201011211012202110201221212000120220000110011010121112020201011012211021101122002021200122210110011002111220201210012112111100212001212212111021011112020220211212211100210201101201011212122102021002010110000101122110210121112010002001221110222212221111212201212110010101121101111112222200112000102111011112001120100110210200122200011202210012001002212000001212202101101212011202222220111202100121121111112101101200111110210110021001110111211210122121002210212012212211220221102122212121022100012020122122212120002002102121110100001122201101002111210020201110020110222010122122111220011121202022202211101020201201200101221110002111201222020111212211
235 11010221202212122012111112021012110220211102011022101101120112101102001212110101002011101121112122121011002220111000012202111012102212122202100121001021002100221101002001001120112101221100201000102001200121101211001111111101220211012110212112111000002202220210221210102222112001211012121200111211012111001102200211101120111111102200020211112102211202021002111220222120221110202010011122121011102202210201010101222110210112102100121101102020210121100011021112211112100101020201220211110102202121211100122101000121202221102221121211101120111202211001122122222121101102201121011200022002121101122011201110012110012011220201222111212111111111012100021010211100122201002012201112100110110220220221201211201010001001020200211111220121110100021121211010121210210012222222210211221101122211200222120210221200
236 02000220102210220111201120111100001212212011111011122112120221002210112022200200121011111121222120112112201210212011001111002122122202122201120022110120110120111012101101101220202112121220110101211211120111002212021112202110000212112210121201100002002002221221222200102102210101102011212122111110000221011201000112221110220201111221210120221201210010121110110101222120201021210100011100022021210202200101021101112210110000210000211002012120222000202020111120102101010001110102220101100102212111222000202111101210221110102221112202220210010122212202022112021101200022200211121010112102011211012100102001202121122020210210201012112101112211101110112021220021112222212012212122101100002022201211101101221021211100110200111021022022221111021110102012202111100022022211121112212221221212011212000220121122
237 00201222112011221101211100021011111100222101010112202121100202200212200011200212211012212221211202201011201111101121000102011001112222112201110222000010012121122112102011010211102121220010100020122101101111012111011010211211011222012001110221210010112012211222222200001211212001122000211222011120002121021212200111111100220002111202111111211111210002121102201110022120211121202001002212111111201111011212010102122100002002211011211012012101212011200210000121212122202211001212110110211200101100101000102001111111212222102220122102122210112202121212221011112102200112211102111121022202120201121000112012102120221021111011112221022001102102101001011021221111021212112011202211111201002001211201110220111220101100011202210011221122000110010210112010210200010112122221211201221001202200110112020210210210
238 11110211212222122010110120001002210110222011210211120202211221002210101222221200220100111110121202111210111201102002220121200112112111011222111120110121112101010001102001112220201021221210220200121002111102011210120122021210120222101112210212101220002001220210222221102002201100112112211201021121012112111011100112212100121221201212020212220212211020110202121210121020201112202111010110022010212100110210021112021100201001020210221002012000112100110111121212012221010101220202120202010102211222222110102211000011101200002221001212210210202112200010201101122010211111111011010010120201220211102002202012102011121022121110212011012001200221001010121021221120221220211120212222001102112122022202212121221121210101120201102022210120110010010220211001201210100112102222210202221112220221111112001211221201
239 02011121102111110100111121120102022211002002102122000011220112001221001022211200211002111220002112002111011210102011101122210022201011011002120121010121012121012112102001112210211112122101001111102011210221002210020112202222011221112100211022220021212102210221011211200202121211110002112111102122011121010000111012101120211212220101110022222121210002021001010111221210111120212002001001012011110210121010000202111111111101121010222012102111111020001020110122012121011112121202221100220201211022221100202010201201200211122222111222220011102211002211121022111022210211210212200100122010110221202000121012002111101022212210122212112011222222022210022111112221122211021011102222010100121122200101212221211021221021020011011122121121111120120121112221102110102012222212210211211110010102200222110110211221
240 02100220101211121110111012000112221111212102111121101012210101011200112221210200001000021120222112101211001201202111011011221022221211000210110220021211002011012102002101100120111222211120100120012200120112001200010112102112011201010220111020211001012012220221121110212012001101011122221211210021000111011021210210012200222222002212022111011212222001120101010012111120100022011002111011112012202212020001012102122210201111010200111012001001211202110011111022101211010200221212110212110100100012201001002212101201201110012221111201221110102212102211122021221121200112200212121000121001101221212010112021011220221021212110210012122100222222002200002011220020212212212002212222101110022122110012211221111012221021020212202121111112202120122121210021001210200111212221212202111121212102200222122102201211
241 00011021112002122011111011022112212021101010010011201212220220102201121222220201001102111020211122012012110211112001112002011022002111010101101121121020102012122202102001221221201111221110110100112101220102100202020002200112000111002112020222101200002102220222222110012111122210211002212210212010000220011100002202021100222112000202001121221201210212010001020221221221201121201001000010022022201112210110000201022111210201221000120100011011222001102120011022101010001001200121201010211200101111120110211201201101220202112212112202120220211210202110122002120122212101200102121000121212102110222000102010112221211111212101211111211011022120112010011220221221212202111101200220101102102022212211222121100011202110020200221120022122210200111122212001211211001121222102110100221102201212210122110011211011
242 01120010222211001120111110121011211111111001121011020012110100202111212220100100111100122221200112012010202200201100000112110111212201011111111020010021211020110112002110101222112011221210201010112000221121021220111201202120202122002121111122220000012002202220210220112222221101011112222222112021000020010121201112200100120211012202212021222202112101110111000010012011210122201001022011221021211111120120101211011220110212121101121102212200212210111222010101000220200100220102101101101201210212021102202201011111221101102221122201211220111212120012121122112011010211121122210100011102010111101200212112102100212012211111010120112112102111112011112020121122202120002112112212211121112212212200202112221221212210020112212022022222222010022110202002202200201000202222111201210201201112210222020220221200
243 11010220212212121011212110111012222111101021121210212210010120012120011111211100111001121211221122012021202210012100011111121012201112101211110020111101112122120011202010111220201021220010110211112101211202111221000111012002011221021010210022221011002002011220221121001101101101211110212211102011102220100001000221212000121212122202111112211111111001010011111202220021212021202100012010020010211111220111011201111120202101220110020012000110111111011122111022201121122100100211200200000201200212211111102211100111111201101211222201122221102201212210222011220010211102111121111112011011111211221110212011101111102122021002212101112210202122121102012120211020122122112002212222012110212100112212121111112111011021010202001022222220201120221111111021100210000011212111210200201011101201211111100010221110
244 12201111112210221010101010121102120202210202222101221201220111012202201221201201112001010221122221121000111221102110111111011002212122101212111121001010202112021011101001101220101121220111210122001110101211112111010222110012120222202011010021201010102012110121211121101001212001101101121111112012011220000101201202201100120010112221121122011121212001021012111112122120110021201101011200111021201201101112020112121201121110211100222002101011110002110111021020102111002002010011101201000210102101220112202212111211201211001121122212220111112222210110111012120112211212112210010002121111020111021011112001112010101022002100221212222002201221111000102111121111121212102022112112012010012100111101110121221021112212020201212012221121111220000120211112202210200022221212221101101102211210120211121210220210
245 01000122102120110102001012022012010221210112010012202101210101111100110012210212022000111121211201111112121111200010000012001011102112121201120111000110001111011101002002001220202112110121110101112001110121021112122002201111011211012100002012200010012001211220221210002011211211022011222211122121012221110000210212121210120222022102222121221001121201021001121011212120220121212001021011021111201110020001001111111211210101021110111002110211112210112220110021112021201200120201120212000100102011120100212002012221201010100210222212222110112222211110001111011001111211110222221020011122110200012100102122202210212011101221122111112110112112012110102021121120222211212001122210000001112222201101201211111021100110001101211121222211121211100121121121211220010021112201120211121102202221211222000110211001
246 21112211122221110010201111011102021222212212111111110112210110111210202122221201210001011022112202002112212212111211111012210012112112102211101020010211101001120010002101001221201021221011220111102020102222002210010102111112101210112111020022102011001122222210121210102101110101121211112212121222011201001111201111200201210110012211122122011211111202120201111110112121211021212101210021121021012112110010020001122101211212000100122002011111121010011020120121201111002201021112111211111101202121210102101102121210212210102121112210210220001202000201022022010120200201221011010120112001110101202010212002112112102022222120022111222022211112111110001220211122211201012001202222010010112121211002211211102011121121120112220122222120202110011120121020102110110022221112111202121100112112210122110111221210
247 21021100102022122010202001021102212222221110211010001120111210001202111122210001112001120120122211101010101110202010020221001012112022001102211110110021102122112002002011112200101002220000200111221011122212001221020112210012010222012102110112200120002002120121220210002012220100111022222112122101012010001020101102101110222110211111222111212200111012001012100011112100202020202101012000020021101202210000100201012200110201110010011001110120111210011220011121001110022101010212010210110210201100120201212110112111201112122222102212100122120222111200111211020010212101200121110121012010011212022101112101201220112022201200222122111112212122012110122111022011222111112012102211101100201112220201102121221022201122110200011121122121221210110220211111101112111022122111220201201201222211120222012010201200
248 01101220212222110002211110121112100222211112111112120101111101102211111111201100122001011122212112112101110212201111010022102011011221022012110111110010221102110201102110102220211011221120120220111012110110111200121012110112112212102101001222201011211111221201202201112112222111012012102201102220102020001210100112210110101102022102211121222201220102011001211220222101202122211002100001012111011212220100010210112110121101120111211001012000202000201120100021102021111102111201220202020102201001121000201001010000212211111221122212220111202121102101221211010001100111111211111110012002010110012012222212112111212022110211221020011102221211002101101210121210222112002002202120111110021122102200001211111120010201221002211111222021110110001120212121101110101012201222110200202011102221201202110120220011
249 00120221212221111000111011110100221210211010122021011001120210202110112112210101011100112221111012111002211010221210100012001122111002011102100121000021211021121012102021002220222011120110210011112111120122022211010100202220101222112000021022220000002002022211220220200200212202121212222122202220010121001021200211212120112111112202021120221102200012010111110110002011210011101110011021121011100211011120010212121100220011110111222112101111212210020211111111201110101101120102111111010101101201121001112021101211112201211220212210111201111222111001112102122201220121121222211110102001110201100011112121201010121022221200011022122012102221102210102201220122221212111111212112200010221111202210212222021120221220020202222012122122211100021211210122102110100012122221212202210202112201210222020220211201
250 02021222101222121101101011001102111111121112112022110022220121002200212021222201120112012120102122001002201212101120012122211111112122002220111021010020101010111112010002001211101022121120120112112011211222010211110012002210012200122201022111000102202102220221101110201101212010211002111221102020101211110011110112200100210112211201211211120211111211020102111111011110102120202111121002022021001201110001121112022000220101221001221102000021112100000221010112111111002110110112111100011200202122201202111111112201211112111211221102211121110222210202202022011010211011221221112021012001022210121100202112121210011022211200122221012102212222002201021021221121111221011021202211111011110221201200201210201111110101020111202121221122202120120020222111200210100112222211210201211010012211221221010220211200
251 01101221202022111000000120012022120100212112121221112012010221101202002021200101221002102122121222101011201210100201101112012002121122210101210221000010102111011121202000000220212221120110000020212102212211021121000121121112011012021000021112210000101012222121210121112002201101011010211220001011001011010021000212201201220201121212112211211101200001001002220200021121211112200101112221111111201110120122011202122200001012220110110012011112120011201210022021112021102001101212110211101210101111212101212101002211211111102120122202121210111202211211221111221102210202012221012021010101220211221000002010112121112221001011212210122010112211100002002021212020021121002012102212012002112111201212112100220111121200021112100012112221110100221110212020200110010102221220101211100002101200012111010100221210
252 00210210112221020200122011101102012201200001211011111212211210202210200122210211020001210221122111012101211210200011020002121112022212011101120220010211211021112111011212012221102011211211110012212101220211011211100122200222102221111210010222211120011102110221211111102112111100101102121122012121121210012200101222210110211121010222012221222011110012010011020111211210101121112012021021021120221212210000011012122121211012121100210002102111112100101020112212102111022210120201101100010112111002221112100000012122202210101211122222111222111102102110102011110022200210211122102212001021111221012020111011102221022020112220222111021011212212211120022210122120222212112012101111100101111102212100010122210021100121122101110010221122022111010121212002202120110002211201211201121212102201220222020122220110
253 11120020022122121120111011111101221220112112121100212101010222212111101022210200102101112120212202122110111100002000010211100022122111010211000120010120002001211112102111001120102121210100210001001110122222011201020102011221101111010010121112210021002001220220201120112112111101112022212201112220002111100000211012212100221121211102111020112102221001010102010020222122200021112101021121121020122022021101021102022100111201121101212022111110221000111112101022002221111100221212211211100201200011221100111110001210200201011112121210221122212221102210122212121021220212212212220010011112112201211011102010012221221021112221200111011200222112022200011111222220222211012021201121000111110222202200011101221011211120020102102011211212110110121121211010201210110121211211122211010100210202101122100110211100
254 11110221112122221120101010011211120111201120011212221112211121102210202112210200101101002120212111011011011201102000110012100002111002211202001111210111111122120010102000211210201011211121110112122020102201021220010011111002110202001200121212201001012101220121202221101102111010101001111202112110011201110010101101212121120221111211010222121212222001011211111110022020200022211012011011221211212111210121000201122200100100111110221011212000212000110111021112002221200200222201220201010101102121212020101002101201212200102220201111220221111102200010112202111120201211221222120010120112120221202101002012022101000022222101112111021202112221001111202000222111121222111010202021011201011122101102101121222221022000020102121011221012001110011220100111201211200022122210100202200111120200200211112112211201
255 01010120101111120000210000010001120221200100122011102211020111102001200111220101012000002220221212112121111112012010012011021021112111011211111120010220100022022202202101101220000111010121101201212010120212012202110202101211112211002111110112211021012101220221210210102102110100011102220200201001011210011010211222211020221212112202111120222201121101021102002120222121011021112000011021021110121212000011021101002111011201220001122022011111122211111121211111102121110201021211100121010000211111220001120011112112211201121121122212021221112202202110221122022011101120210211211121011110111201122020222001121122012011120111021010111110021012012110011212022010212201112022122122101001012112102100210112212021110211020211002010121120011120002121201011211210110122211201221100111111102201101222021011201201
256 01110220202121211110111100121011211211221001021002001120200201102201201221201210221122110210111212102122212212102000000111002011212111011211110212001021112010011112001110001220112122220110200021121001201122012210111012021011001211102102010120100020102002121220211211202101201010112112112201111211001111011112100210120110221102012201121011222021221002120202112111122222211022202002011211212021101202111102010201021000121002111100220012001010101010000221110121102221101011111210200101110201102111111000002011211210212122002110002211212211101212010202222010122212111012110110110110112100121100021020202012112220021022120110011222122112201112002000022112221221112212102011101222101200010101100102220220210021001002110201211012222222100220000110211021112210120022121212211202111110112211210212020010200210
257 11000210002102121110122010110102112222112001122011020112220210002201122112210101110002220220101022021202111110002112011120001122111201021112121011110111200011122112002100001211202112011210101200121112120211001211010011201111101202011112111221210100102001221111111210101202111100112012211222202221100221111212101112211200221002011212210111022212210002110001110111022011211011101100011011210010200112100110011101112111220100221112212112202011222011101220111022102121001101120001220210120201211202121002202111000120202111112221122202010210101122102202202112122111201012200222121011212002112212022111112021002120122022201200122112112101121211112110101110111020212111101012212022101100000011201210112211022111111121020211122111111122112121022210121001101201101022122212222101211210211111120222000121221221
258 12200220102222120211112021021012121122101001101011021121000111102101111110111100222011000221122102012110112121100000012202221122112211021212210111010010200110111212112011012220102102211220211110222000100120010210220112011211100212102101000012220101002101111222112202212212201110100102220212102120101120020120001012201100210122001211122122212022221002020110020010112010111021102002002110011110101211211001110112021210120000120111221101002121112112101120121012012202111011021201220200001211200001222000120111001222201201022121022212120211111122101220122011121011210111211212111022122011102010012010112001210121112020211210021222001110112220112011012121221211212222112002102122001100112102011200211101221022111110121201211111221212001111220121212002200021120012111221210211221111111211112212000110221201
259 00101220202212222021202120020111121220210221011021111022210111202202222222220202021102011120102002010111202111112012112111110122212212102102101121010021222111020022202001011220011000221010210010111102212111000212000202211122121221012111111012221011012001202120210120102101211101022102121012020120002120010001110220112200202110101202111111220112101122110002011010112010221111102201220110121000102110112012021202121200211002212100220111002111212110012110020022102222001002110202220201120212212201222111212001010211110221101220022202121221110212111100122012121000200212212212122021002022120102112001202012120012110011221200011122121101022210012200202001210011222212201000212222000100212012220200211222202012200110020202221021121122211102221020212021101111200012221110222201122100102211210121021120110100
260 02000111000122111111011011120112121121221001011100111121000101201211102122220110011010111210212222011011101210111001011121001011121112102102221121210121111111111001002002100221102001222221100012202100110121112212110001100021101222101112020201111000202101211122202222102102110000002012121222002100100101201102101102222200101002111102102121221100121022111000110011112221110021102110020022121021210122211010020012022200220000010000121012111100211200102121101021001112001112022101221220110002101112111101201101001212210211122211022222221221100222111200221011212110210112221022111120012021111102212002122110111020102021211110112122022001111222101210021220121121211222102112112112001000011112111202202121210021001102020100012121022122121010110010211111200211120012212111110202111021221211210221010111211101
261 00021011012111010010111010021011111212201012112112012011200101002112200212211101021100012220211221121011112221112020000112000022102221201111111012111000022020022002000102010120212011220210220000011000120221012011110211100121001220102100221021221001001002222222110110100102201100022011221211011111102110111011010222200101122222011212201011202201202001000110111120212021111021220112002010021001102112111100100100112210110101121001222002010001112102201120002122212120211101210212210201010102201210111111202000200222110211011111022212020121101111111010201122101001210111210221020220122100110101222112121120011101112121220210221022121122202112001100002121120120212112002001111121100100011122200201210211110011102201020111210011221122122011000121121111101211100012221211112201120001212220120122010221221001
262 00110120111221021111111120010001201100212000112121110102210201001110111112101100121000121221211122101020201101102001121011200022212222021212011011001021011020021100002101112220102212220200200101012221212112001211100112211220111222102112110112120020112002221121121211202122212100011102212202112101002011011022210211202100122212002212112121221211221110111201110120211010211001111010011110121010211011100121111122021112221000020211220012102001102200100121111121012120001102020202110200011101201221122001202111100111011200102121121211220110111222201011211002122210211111202221221000020100010211201101200011112111222021220212211111111100210200002120102200120111121021211111102220100200122221111111122121221121111100210211212022211221210100002220222110110010200111002211102202211112202212202112110211222211
263 10110220221122121210121011110112110000121111100021200212110210002110110221200201122001011220111122101120102210212000011102020112012122220201220120010022202021101102212002102222111012222221122220102111112211002100020022211101101212012201110112210100102100120220121202112012211101112012100210121010012212011110110111101101202212112212122122222202102010021002021110221100211122202011010001022110212112101011020012021110210101020000021002102111201010101121011110001221111102211202120201210102111102021100111001201212201200001111012212110220111012211111011000122201210111210101120111122111021221012111110012102211222012111210211122011011212211011000122020021121211202112011202222211100010112010102012122221020020202020211021010212111100020121111211011000120201012222102211200221201211201111212020210221110
264 01010221102211021201121211002201220210111102022112112012011210012212101121210110221002111211210012021112211111212021001022011002102122022012221020111121111021021212101011121221200022111110110111202001120211010212010110100112111211002001011102210011112002221221212111102002220010211000111122212120100021001012001222210200210002101211102111112112212012020101110212011110201011202112011011021110102001210000022222111120211001111110221101110001122110201020110012121112011200222202221210112111210121212000211000101222222122122122021222120121111211122200212011111010100110221222110201011001121210212100111011022111122211211211022121122211212212002010012020222120121221211002212211101000111102111200002221101210110201110102222122221111221120011122112211201210201001122201211202211221120120211222110111112211
265 11010021111121001010112121021011111110201001102212110001110212202200222122111100221100012111212222022110201120101100111022101112102221011212211110001122110021120101101211011220112212021120202101112102221201001111110021210121102021112111120022221010122002210021211120102212211100011000221212012121001111111112100201101100022021211212121120122212102100011101201021112010212100102111011002122011211122110022110121021020020101110111221022101101112212211222100121112110001101020201111200001211211102121100202211100000100101101211221201121201111212101112122112112011221111212211220010000110001201211111111121111220002010111211122012101001202211002111111210210012111022201012212221000100222211122010221212222220112100020211122022212222210200000210222020012110100002002212120212211011101222222011210111221221
266 10111210012212121000112020012012211210122112121020120111210101102110200121220101110201010021222211001212011202202110100121000022012112100210210220012221211022110111002111001220002020211111110111112011212222001211021012201101121221222100210122101111012101222210212110102102121100202001212210021110011111010122101020102001221211012201121121112211211001111101110110121120201120212101100000122110201122110110012100021110211101010010111022222110012110002210221112012121110201222212221200111201202121211110102201211220201220201220122211110221202212002110022111012120201101121201100110002121111202121110212122122110211012212121111112222211212212022000112021111021211222101002202222010201112212012200201220212211100210120121121020222121102210021210211210111111100022220210121201212101112111111222100021020001
267 12221220211210121112102101010102021110211112102121110001110111001211101122201201011100011021212212020001101220211120010022001011211222012211011010012022111020021001002021101210210011221120101111002110111212001221010202000122011211000102111010220020002011111220100100201110200211002021122211112111112101101020100022202200111201021212021121112100210102220212111121202220201021102021000110020011101212110210001112021211100201120100212112102111222200222120011021102021120101222102120210211101220120121101211102120212212211102122121202211120102100201102212112121112210212212111120111120111111110012111202010121221012112112210221121112112222112022101011110120210212211222011112222101100111122111102111221210112110112022101122021120221202110120110110122001220201022210221211202202111112212210022020201211201
268 02110121201111122110211011100212121221221100221121011102101210202101121201210200110000102121011111121021112011211211010202020121102001021202000122010122102122122012101012012210212012210121112221202211220212012211020012200210011222012111010121111120002102020220210120202101212101122202121021011112011121110011211110112100211201221112222021222102211112011102021010121120100102101101021020021111110101112010010102022100220000011100211212001111212010111110020012012221001211210212121211020101101200122000112111111022001210201121112111211121002212112100121112122211120010122221121120112012110200100012002112101110211022222101122022211001102120211210012210120020222211201112102121201010012111110210012222022021122211010201222012212120111111000121201110100220100012122210222202221111111102112221021221211211
269 02101221201212112000121010122111110210202011011112201100020210112101112112120100011102121120212112111002202200101000010120001112111212001211221111010120220111021002212011212220202011221110000012211010100222022210010011110011110211001001110201111111111102120201210202002102212110202022201212211010001102111011110101211000200201211201101201112101221022001021110011122100100210202111121020120211211201210001110212212001120100121001111002201110112000002120200022111111101111211201220101011102212112022002201010002210201201011212221201220221000212111101112101221121220012211220111210012012011202211111112111122120022011212200121221111101122221022210111020222121222111111112202112110110002111121202102011200021121110120100121111221121121120010020202111200210011011012212110101221120211210111222010011201111
270 02010221102122222110111101111202110200211102011012201120220200101211111212110100111112111020202012011112201220101002001012101021101221021212211120110022011011111201102011000220111121211100211101112201220111120112020011220212101211112110121111002100002102220211211220001211121120102002221122102220121120010011000120112210210101202201020222222111212112220002111111122020212121202021111101022002101111100111020111122210212001101100220102201110202111112210111120102211101200120101210211110001200111112100212000100121200212202211022212110120111112112111022021020212121202202210201101121001110202112010122002112011011001221201122122212210111212121011021000211110222202102002112222101220101121211200111222212110101011020100122112221121100110021111220021110200221012212221220201122010111122200221010121221210
271 00212220101111120100201111211011210101212022120021012120110211122200200012200200212102010221212212011000101111210000011212211021022211212211211120101121212020021111002100102220101111221020200212121100211112100202101101110120102222012111121121121010112102210221212110211102201202221022211112012002101221001110001112211100212222012211111211122212222001021112121021111110201022212112001020011021212211221100010102011101111001020010110101002010112111210120221111012221002000010110110201100211101112121011101110110101211201211222101212221220001212101111021121120112210021110212212011022001100202102111202022112120212021111110111020122011222221112100001222110121112212012022122122100000011212201101202211212112101020120201122022212222200210011122100102202200210021221012120202221211210222121222010111210211
272 21100121211111111010101111110002220011212111110212111202221221002211101222110200100201111220211202121120111110112000120001020112112002100212021021121021111001110000002011101111211022112110101122111102110102111221010202020012120221001001120202200110002010220210222220222102212000102001022212100201001211122211200112211010211121101201022221020212201012022112211211222120201022200201000111012020112201210200011112120110220200011010221102212010202100011111010212111222000111111000211211111212202211112210102201000212211211002122111121221220012111201111112111121101202211221122100101122102121210212001111111111100001021121120021021012022212221001101011021111220121211102021122022101110001122200212212121221112011011020111012012221122120100001121201010101221100012212110200102111011102201211222120211222200
273 01001222112222111010112011022111100220210210020121210200010200112100101212111201121102122220221112001021201101211000020210110120011221101200210212120021202011101102102000101220102111220120100110212121221211110201110101212022001221012021120111100010101101110221211211112202222110111002122201011021001111010020100112212100211112200221112212122002220012000000002121220000202112202010012111021110111102211011120101222110210001112201220012101100201011011120001021001221110100212211120200010101112120120001202011102201202211101212112211120220102202201211121210211202222111100221220201011001001201012010112121212110021022021200221122111002222111002110102121121121212201112012212011000000001011211101111122220010201211020200021010222221011121010210200012101102000021112212210101222111212222212112110111211101
274 01000221001111110100002012020012120212112112010100211111100222202100211122210201021100112120221112121122102200110010100122100001012122222102220221100221102022102112102011111110101011122121210111212101211011020202021121201111202202002110110010112010202000201122201211001102121001012111112221002101111111010100110212201210121102122112112122121101210011022000110010112220112022102001010012120022200121121010011111021121101102111200212002100120221201002220220022022021211100120102111202110001101122001001210101002222211211101112222202221210202122202110111111112110212222202212120121002122010202122101111021102120122021201211121222012001121221101221022122221120210211012001222211101000002222202201201220211010211101000201202121222112121110200020111122201211000012212102110211122202122222211121000222120102
275 12010112112222211111101112000002221212202012011111211121010201002201200111200200102101000221211210102020202112202002010121110011122212101111011120000010202011111210102002002220201121220110101100002011201210002202110112100210001112012100122222200020102202220222211111201202211001000002222200202111111011011020210212202001212022212212022220122000002002110011010121221221200022212112020000112011212121010100021102121111211102121200221002012112222110200120110022002120002101021212210220100101201011121000100101101112211220000222020212110221202212101210112012121101200211212211021110010002120201202001102010012012212022221101111211101002121222122100122010222110122221102012212120110121012122212211112202212021111111010202021012222212120110011120022010110211010012222211021200121111111112120221010110211111
276 11200100122210021210112101011012010210211112021021110102121200112210210122211212010002111220121102012100001221001010012011121102111212000112111120011110202011121201112121010220201011221121120112112110011222101201001102110001021211110121020112210001011112212211112211202100111100001111122211101121020212001111211212201211212220001212012120212001221202010002001210111120202221211101121010021021211112110000010111022211211012001000112102201210212010100110110221002110001102121212021200210002201011221001211111112111202210002111021221210120121111111200011011122122212101210111210210111011111111122021212012112121112022212120122120121011221212112110011211221021211201102002201212000001112200112211121211211121021221121200121022222121211110100120212011101220110001010212121201211111012222220222020122220200
277 21111210121221111020112001000012111210112101211002211211221100202110210012210200020002220220122101112011102121102111011110110012111212011102210121010010201012121112211110001220201001220121101102212110120222102112010002121112002211110000120211201111000202211221211210102001211100001102221200002111021212001010220222212010201120000110011122111201220102120000000201221211211111201001021010021020121102210100022101111210111111121010111102201220111001100120111112002121011201121202121201210101101022220001200110111111202122002211022222211121211212102101020011122022200001220121110101122001122111022000202112111211122021202220222021022011212122111121011120122222222101112012211222100011221212210200121212221021010211211202110022222121100110011020202101202221101012111202222101112211102212211112010020210001
278 02001221002122110010012011110111111122122112012022010201210022200200121021120201211002022221210211011102211111220120111022201102112221021211210002100021111110022112002001020220102022120210110212112002220011021101111101102112211221011101102011100001012101221221121110002202221200201111220201011100011211000010110212201110220212012110121112210202112111110112100210021020101021202001012110022012010112200000121201001200120202111110211012012211101111101110020121012212101100222200221200000111221011221100211110011200202112001211121212121220210212101101122112222121112101121222110110002200020211112100211001212110112011210011112122102101221210002200002110220020220121112012222120011110002022102200111110212120102221121212221112220222201110111221110121200021210012222201111210112111210221212211100211101102
279 10201220122121111010000000221002210201201001121121101012210120111201001111110200021101101120122211112211110210112010001122211022012121211201101220100111202121011022002001212110212121220210201111102110121221012202011012200111011212102010120021122000112001110012212211112202220001002001221212122022001022010102000202201201211001211222122220022111211002111111111110121020101012102011012201211120201011201110010001121111110112121100220012101101120010211120110022001021201201110101210200001200201211111001201202100110100221102221122212220222101122200110212102121111211202211212111121011112211210112011201012102121212022111200122212121101111221120101002121222111111222002122212202011101021121102210011212222120011122020201200011221222100011020210111112211210101022211211221200101101102221010212110211221212
280 00011110122211110021201011111012221111110102111020112221000101122200200112110200002010110200212121211120111112011010022121110022001220021222100120000120212020012211202001202220100020110110211201212010011222001222110201100212001212012221121122221011010211220222201110202101111001012102211201202122011122011120110002211100222111021212111121211211222002021011011010122020102121002100101020120011211111120110022101022110210202220100122001011102121010011220112020001112101101020202111210011100101002211121201000102222211211202220122101220221002202000110222021122122200112112210110110021002011010101011201002122022012021120201111021012001122112112210000220112010211201102012001110011110012012102102201122212121110110120202112021122221220020000121201000100110210022222112111102110210212210102122020101221201
281 10211110002220211111212122021102211010202002012211110001120212002201212111001201112101100222200112111010110120101110101112110121202112122202211221011011011111120020001110112211122112121220201122102220122212012221100122212111012010002110010012110011211012221121220111002212202102011001221211101111000111000011201221202100122211011202012121212002111101010000110011012110221122110121011000110221221102210121112212022011210111021111221101102001111101201020101111102120012011020200211200101101110121122100212111101211010210002121022201221211121212211021222001222110201202221112211021001111121200200102201000012121221112210200111021011010201212111010002110101011222011001012101221010200011112102021101112112121011212020212211022222222000100001210111110110000101112112101122211221002102220101212110010220111
282 22011220210222201120201020010002221220121122111011211012200121202101100022200200221002210220212210112022212120022010011111110001112221011212100121010221100001021112102100102210202022220010210001212020211222002121110112010002112212001110110202201121001002120220220210111002110210001002121210012011112222000020220121201200200012002211002122012112111002121001000102011222111012222001012010011121112112221200020001111210011100111100211102112122122110000120020012201120000201121212220202010101222111121101201111221100212121102220112221112120211212002102222221011012220102220220211010022012121201122021122012121121122021202201121121012001202222000210011110222221221210121011112220110110122210200101212201212221120100020102220020212021111000121020101001212120100022221102111101120101212222211111110111221200
283 02010110002210210010111120011001120111000012020201201111120211112201100122221101111111122111211102211111200111111200112112121011002222011221211021110120100011111101102111012120210100121120110111012101121211012202011122200120001111002112210222100010111101120222112220111112212200010001112212212102101220111121101211212100010111002111112121122201222002011002112021212021210012112102101000021110121012110010001202001100211200220010211111112001120100101121120012102120010201210110221100100101220111211200212111101102210222112122112212121221200221201001012110222122201012110211121010012102200121121011202012002010121021101100112110212021222222111021111121221221121221121002221221011101020022210102112212100111111112120200122010221111101111000121102121212000220022122111210211210202201210120222020212221011
284 11010121211111122000220120021221211120111021112122001012211220002202121121201201011011112121112201121010211110212110200002120022102012111222100122000122101011112012101001102220222111120010222021112102121211112200101020112111012122001011110112210120112002022220221121102100202111122102211122201110001121011010110112100110112212201101021020222021221111010002011010122110101102111000011020011010020202001010110201111101220101110110212002001112112010101110121012101121001011010212121211010201100212121110211110000101102201212211112111111110102212112000212002112102220021111222111110212012100201102022102022102010122022221101121112112001102122221110012110220020221201211110102122102100012122121200121221111011022211020201202021121110100210000210201121100220001022122211211201121201112221220222011212200221
285 00011211102122120011021022011122111122201112000012000122210110001210202221021201100002122111112211021011201221012100010112200022022202100201111220100110111010011012111001010221101012220110101211210002220111101102011012201212101211021101221011210000002012121210100110102202020200111121101212212121001121121001010102102110220112012221112120211202201101111201010110222110212020211102012010022112111101100111010002121200210100010010120012022111212010202221010010202221001211211212210211000001101120112112222101000211210210001201011102121211102112102102112012112001210111210221011020122001020222221010112011101222202112010100211022112111122212011210101121110020122222002012112121201201022110100222101202112011201111010201211112220121211201110210212120000211111222122212211111220120201122201212120120210201
286 22001221101221021112101020021102120110212001110221012112120222111011211122210210122011012221121112112221211211201010011212001022212102121201200221110221111120011202200101010220202022020120211111212110120011112202020111201200021211111221211222110121002202220222211211202202201000112101221111011021001221011122211222110101220202221112011021220102210011001101101001212220200112211001001100021110222102211000010101101211011100120020221002012120112000102122220211002211100112101201120102010202201112111001102011201121102210012220222112011220102212102211121212222201110211112211110010012101120200112000101101102021011012121211211110002001202201201000112110121021210222212002202222001101011112112210201212222011101201100200221011222121220120021021101020201120200122122210201201221012211211212122020101221111
287 11211221212211222010111021121102121110202011121112111111111221002210101212220100111100001120122202111101100100112001010011120102122121122212101010020012102111111101102000112221101011222210111111012110012211011211020112201211001211011112010102211010002110220221101211012002212001112112011211112210110211111120001210202120111211111102021211221212210101022112011210112021212021201001020122222020202101220120122201012011211101111110121102002011222110110012101112102222010021221201210202000201202102122020012102110121201200011121101112110210001112202001011111221020202211210202020110221112020221221101012002021112222012122210111022121121211212011010111002220010212220111012212112000101012212012102212022222021211121011212202012121222012010112221211011101201000022202210100101221101202200100122101112210200
288 11110221202201021211101022021012010210101001102110000221110110211200110111010001120101012110221212001020201121212020010022111111021012202212120120011020211000221111002111112221002121210012110100122020220222002221011122111120102221011112101122220000012010111220222220202122200100011101012212112022002221000212200201221101221212222211021012221211212012000011001020212120201001112102001020111011111101110122000101121011122102121111222001001022202210212120121112002020101002110102110111110212202001211001102112101120211210102220222201111211202012202111211002022001201112210111220020122200021121121110122211111120110012222120012112112111222200212110111120220111102211001001212221101100211201110212221220020211111100120011222022222221001210000200101011111210200011212221211101111101112212221112021111120210
289 00212110222221020010002112021101000211220011002022011022120211001211100021210201022000121221222111220000201220211100020122011021111211110111210221021011212010010122012021012210202001020220210120222000121002011200000111101221112222202101010120222000001102211222101220100111121110011011222100122000011000011111000221211110022201012102121020212202221002010111121211121121202020100012010000022120100222220010020222012220210101220020102102100100212001012221102012002020210200211112121202100102210221222101120102000200200210201221221212120010102102211001211102120010221101202121120110002000112111212100212201122201222022000220222121012201222212112002122220220212221022102022212122210100122212102221112211010021010220121202210022012022211020010120001021002210200222211212200001201101111212010222001112021100
290 10012111202222112021112120001012120222121212021121101021010111102202011222210201110011101120201012021011221111112011011212120022012221102212200121010121202121121111102102121210122111221010100121111201211020102212010112100220012212101011201121011121102002212111201210102212211000012002121222021102002210022122000211111110222212102101111122212102011111020202022111122000212121102212010002121111101211120012010101122101210102212111212001002020102101222110111112012222012110220100120211220202111202011000101002100211201201102122122202221211001202201110222022200022101112211211220020010101110001011001222011010211022111220110022021122110221221211110112221222120221201011021222121011000011012211102222212221112001211011211201121222222100220020221211111201210220112211001201211111101110211211221110020110211
291 21101220122201120100101221101022121220220202120021010112210201102201100121221201220001022121112212102112000211121210011022200012012202001212120120012110101010212201002001001221111220211002210122012010102211002210021212100111121210221110020121202001012121221210122221112102011200212011102211022120021211001221200201212111221111011201122021112221222112221002010111221020202020202101110100022121200122110011012001122200210111100000122112011100001210200120220121102110001101021022120200110202222222210101202102101200202220001121121212200221002102102110122021121020211211220101221220012011120201202020102012022010101022202120010212022011221122000000102020110012201202001002202222110000012102011101201220002012112121220121110221222122202210111220222122100210210022221211210201212000022122120212110112211200
292 02100220102210121101111001001212112210221011121012121112010112011200111122021101111102220212212112000122200121111010001212002201212221121102210110100021211120022102101101110221101011220010210222212102110121021201110022010001000211102010101101220101112101001222201220001111211200012102222222012110102122010121001211111110211102111221111110222202111112210002011111212011211122102112022010022101101010211011021112022000120101121000222112100110111100202120011011112122010111022102220201121101210111222101201001120211111211022221122112120221111122001001212022221011110221222221121222112012020111122101221102111221121201212101121020222210211201012000012020221220222122201001112211102100011112112110112111211001121101020102211022222212111011110020112122111110100012212211210101221211212012211221010121101110
293 01001220102210221000222211111002111110100202010022100002210210100200100112210101012101021211211102122122122111120010102112111020112212011110111121100121100111020101001112112220002102111010110012002001121112002201111101210110001111111212001012110020011001120221211200102112210200112001222112212001002120121121001221201110220211001201122011222202111102010102021021122111221112102100001000012111220111120010100102002200110201120111221102111021122000101020020121012221101201110221221202110202221211111201211001102112111211211121112212102221101102112111122012111001211010221202220110121210100211112011211002202210010121110220012112201121212112101000012221211110212221201012101021011202021122101002221212211212201110120211221121112021100220120121202020101110110121111102221211220101202210112121010121121211
294 11201111222120121100011012221112122211220021011021101211210201202101101121220112021102110221222120110021002210110110011101110001121201102111010121101020212122022011112022101200201002220110101111122110111222111111110110201012002222101101011121201000102202202111211111102211222110000022222111122012011110012220101111211201201211011111122021222202122002110000100110121121211021101002100002022121111202200110001212112200220101210010210012201110102021101120020021002021011211121201011111012211211021221100110020001110201210201111112212110111112112211121122212021110212210122102102021022011220102211102222112211211112011201100122222212100202210111000102011221220222002022012201011110101211222111201021122220021201222120201111110221122210120001210121121111200100021120101210201222201012212120122010122112101
295 02000220012212210010102011011102211222120112022021220212220210002212121121211201020102120100212121121112102210002011100101010022211112122001110021010122001021121112012201111120212112121110110211211112120221011211020011111211101110201110121120010111102002210112211201001102221100102011111222101010000211111111101221221200222202100122121221222200210012210001201111122120111011200112021110221100212212100010121001112210120001120110221002101101212201201110111121101111101101111221220201010101212222212000201001102111101121102221212111020222201111211102102111011110112111200112121100012101110210120200101021002110112102201101112022222101222212101211112020120110212201102002212212110201011121101101211211222011100001120210121022222022212200010210202012100211010022112220221202211221122210111122000101222112
296 02101220012021120121012011121112110111122111102221221101021120001210001112111002021010000221202222021111112110101010001122022012102121001212010121211122102021010101012021100200202210220220211101212000112221010101120112000122122212102201211010120210001000002121200200111012201100112012121111111111012110012211102112212200110102012102021222120100201012100100120210212211102022202012001021021110211121011020122012122120200201220120222002102010122221112120022121101122210110121212221211110001011201221200212201101111201200022221022202211120011101202110211112121102221111212222120111011001211201222100112110111120211011002110221121112202222122001111022111210120222212112002212012110101021212211101112100120120110010122211112010111220220001011210011111202101110022112221210201211101001211200122000000221102
297 12121211112010120101101010111101120211201111102201111100211111201101211012220101111102022220211102111001200210211110110022201002012111102211210121010110101022210101102001111220001120210122120211122011212111012201011011110101101202011101121222001011212101220210211211011211120210002010221212121011002211101221101212211202121222112101111122122202222012022111100112122120201111222112001001111111101202210022000001122100120201112120221000011010102010101220121122002120011101221001121100020221201101211211201001001121102211012211221212221201211112101011212102012021100102121112110000120112120211112021121112121220201012202111112110121101112210111101101010120011110222111100202222010100211212220212211110222011010100120101120111211222001220010211102221001220100012011210100202211000122220101211111102201211
298 01111120201221111110111120110201111220120110012122000022021220002212012111220201011012111222012112012020102120112210100011020022201021022212110122001021101011112112201010102211112011110010211121112002220212012210011011011121112112112111111121110010202002121121211121102000212201122101121222201101001121011011110112200100211212111102021120222202211111110102120220112110111112110021010111011110010212111011111102110101121001120121201001002011102110100120122012112122001202020112122210010102102211221200202010101001101101102222121112120221101211112001122002112112220020112122121110102002110211201012002122202010121122121101122212012012212111122110012110220120212201122201112221102000112121211201201221111020012210020202212012122111201000011210211122111111101012021201221202222200101221220222011211100221
299 20120000012221021100111111021101221221212000111110011210221210201101102122210100111100122220220110101021102201211110010111112012211112001102212020111021101121010002112001111221112112220200210000112100120212112221111101201000201222112111211122110010102202021212210220102101211200121022222212112011021001000022101100200210111012212212221021221201201012110001000021122100211120211001111121111120202102100110010101002200210212220011111012111100201210010212020111101010111101120012001212000100200102120102212101012221201212011221112222110122201122201121222221222100212222110122120011102110010211111200222111221110112012100100012020212012211222101111002120111012212221012012212202201021111212221210002121221121100121100201202221222222211210011210211121112201210011222122211202200201212101210122011120221200
300 21221110211221122000212100011112010202212111211121100111121110102220210122200211110002012220222002012101002220101120021012211102010112001102120120011100201011122002012021002221211001120110100011102101120222111212000101110112110221001202020111210120011002120221121111102102210200002011112211211112111101120200210122101210210111010211011021211101220102021102000201221120200121201002011010021021101002101000011101021111201100000001211002201200201100101110121122102120110211220202121202210002101021220002101200120211212220002111221212211121011100102200111010122021212101210211110112111110021011012010211022112120011021122220122121122011221222112120012020122220112202202012112212001000021211101201122121220011010111121101112011121221211120100020212012101220112012110212212102101122212102210222020210211110
301 11101220101220021010111121120001100110200012111222201212220101100202001112220201022201010121211222011011111021101011100012022022111101022202202121010120212000021000012100111221102211221101200111121011220111101101110101210211111101002112000012201011012202211211111120212202221101012001122201021001102110111001210222100111221211112202121221211202121201120100002110202101212221202011001020021100202112221021001002012110110101111000112102212110102101201120021022002110101201002210220210020101211220111100111100110211100211111121122212211211111121202001121001110112100201212112010110001101110101111102201102222210112112111200122112001101211001012011122121100111222111111011112121000200022222202100210222121101100101020211221012222122101110011221101220000200102112211212200202212002222211220022001121221110
302 00020221112122211101222210112101201221100101001000201212200201212100212222210100022112100010201111002022022111202010120112211102112010010201010110010122100110121000112101122220101021212010200011222020220012012200100212010221202202002111120111220000002002101220202220102102201100002102112202001021111111021210201112111201221112112112021202122102200221120110020011221112200021112021012111222221111212220101021000211220000201121001221122002201112210001220101021002122000102110102210102211102211011211201212110121200201211101121222101202221201222001202112012210112210202220221210201112100020110122200202202001220211002212020122201011110212201011101221120121120222210102111221220211100211212122002002211211011102111020102222012221222100200111120012021211100220021202212111201220210012212100012020200220210
303 01210221202120121011211020021122101112211112022122111022120201101201202021200101111002111020122221111001100200101100101112010111122112120101111121211111001122020112111000001221102222220120110111212101111210022012020111202201020111012101120212111001102102111222111110011112221101011010121221100220120112101120000211212000220111121212111121211000201012121101110221222010200021211001001221001001100120110210012202112110111101121100111012011101222111201120000011212101102201100012120211122201111201212101102001202210212210101210122202121222212202112212011212221020200202220222022021111101210200222200012100112120122000111121221110222110122222101011002120211220222112101022202212111101012020101211102120211121121101021211111022222222121100220210112110211210121012211221122201111111211200111111110210221112
304 02010220102111121011010011010122210222101022021010210001122211002200202122211100020102122020222022112001101200102001010112111022211001011112101121010121110021011202121002010120102012222110021222122200220111011011010102101002010221001200211211112000002002220212211101001112021000211121222222201111101022101021111211121000221202001212211021122200211012021200000221211120111020222001011120121010102012110101020200112022220110211011121001021111112211202020101001100222001100220111210200020200101112221102222212200110000102002220122201120220201102112202212022122021100121211211012010122001102102212000002110012221222000212200220021122200122112002210002110121020112202101012202022201011011021201100011201201022211001020201012122112212211101110210212110111200112222222121221002212110121201211122010100212101
305 01021111112121021110011011011002011210110101002112002100200211102202110121200201021100111220222121211021211111101200011112001022102111122111200021011120222020011001111101111120202112110100212111112001120221012211110112000122011111002110121121210010001211211222202120110112202110021011221210212111002210012011110221122210111222020212221220122201111012020000100122212111202020211102021011022011011212110100021111221220210102220001222002101111111121101220001120102120200201121202220201010101201020211010100000011221211102111111122212121212102101100021112012112102220111201122121010112001112201222011202221111021222021211110022121121100222121112120112121121220222102102011212111100100021212201200021112021020110211220101110112211122012010000101100111211210110022102200201200200210212222120222010211221100
306 02202221102020022011111121111021111222100012111222110111210112002100110022210201221102101121121212121020102220101001101111211122102111012201200210100110111022021112112101002120202221120210210111211011210121010202110121111221001112011111011222111100101112121221111120202002120100012002220222022010001111121101211211221000221112101212212221112200212001010001111011221022211012201002001010122011112102121211000012221210110102021200221001202012211000200120111012102112002201010111220111020201101111222110212001101111100122211110112202222221002112200110001002012101201202022220121000010011200221001010102020002211212021122010211011122011212212112010001120120121111110112112212102010100112121101211220100220021200012120211111022120222111001010111112011010210111012222212212202222011111211122221110220210201
307 01101220201212110011101020111212211122211012120020210201220101012200211021211200120002122120112112102101101210101112001011022012002201011211210010120220101110101202112010100221111020212020110210012111210212012100111002211011112222001111120112202000112102121211112212112112120000012111211210202111101221110120101211211110122002112211221011222200211012020112012120122020200021222001100111011200001111220111011101122100221100020000211001011002212001112220211001102121001101220201210211220101102111211101212101100011201111002221022211121210221211102112222112011011010111211202101120022102120220022201112121112122121021211111122021022102211122011100101210121110112202102002212121100001121121101200112222112211111112020200211211221210201200011120221111112111201122212211121201222100212212210112110121210110
308 01010220102211020101022011001011100221211112110112110211210111102110101111110200210002221121211112210120201211202120010111110012112212020211210020110211112111020012212111121220112022120000110202110101111001011201011112101221112222211111011122110100002002110220212021002112120100112001210212122121002111222122200112212110211121112211011122220202202022002212010220221210211111101111002120022010111200010211000001121201200001120010221012012101102100100220221121002220011201010201210201010202211121121001211100100012000210001011002211121221001011101201212012211011211122210211011010021110121221221010200002200121222121020110211112212011212201102120112210010020221220102022102221101212122011111202200210111020111121110211212022210221121100100120202011221121200012022212211211221121200122102212020101211202
309 00001211122202110110101110101012111201120122211020010021220112202210211221220200121102001020122112002010111201102101001122101011122002101200101020012020011021111011002110000220002220221002120121112000200222002120120102201112212202122001121012001011012210222221212210121201121200202000121210021121001210001102201211211111221222002211212222102111102111111202020200122110202021202002100011021110112222110010010002222200210002101000010012112101012211100210020012102120001102010111220201200202212212211000102112112220202220101220111202201221110211101002022021111020210202221112111120012001120112102020022112112021122112212210011121112201212222022101101011220111221211102000102222110200021211201100200220202212111111120212110020221122201220121121212101111200000022211111110200212001112011211102110012120200
310 11002210202121012101012000010120111021210111111201211011010211112210212021012200010112122220211202011022111012211110020212011012012110102201111020010121212010021102100100000220212022120221110021021000220212012112200011002222102221101101022021021111012102202221111221201011211100200012212212012222102121010111100212220100221111111212011121012112122212110102021200011011102010112002111012022021102102111001010101022001200202111011221011001002202101111220020012012222100000112211120201211102110001112002102200111200212202102021021201220220210212100101021112011101111212221201120102222001010110111010202012120110221121201211121211212011211211102010122021021211211211111002212201101011101212001112221211111021201011110111210121211221100210000120122022200210121112211222211220111111210121211112110100210111
311 01102221111222121010112100122122220121121002110120212110110211112200112102211100120201110220221222011020101102221000010212120020012211102202100120010021202020021012102000200220111000220120200201212111211022011202100112001211102222012002100011110000002001100222210110201002111101120012122211022002002120001021000102211200220202201211112122122002211112021112001210220120222011202011021121122020201010120000121100112110220002122000221000002100212111201220111220002222110100221212110212000101202011012010101011111100200202210121010112011220001202000210122210120211210122120211220112010001000111112101202022012020121020010121022021122010212101202011102222221120112201122012212112002100011112210101201211221011011021020212122022212222101212110221200111202110220022211200220200211220120220111121010110220200
312 01220220202222021110111021111102221120102201201012022022211110102100200212210101021112021121222221011111220110101011111002012122012212021221021110000021121022022122001210102211112111222211211200122001210211011111100121111110211222112110021222220011102102111221221210201112100100202102222102112120000221010001001121101000211221011212011122211120211012020010010221112210101012021002021011021121201212110010121011022111221111120100211012002010122111201020010112202100021210120112221111100111121011201110210200002212111211202121012212120221101102212211221012111010210200111112101021121110210201111020011001212111112112101200201102122002200212111100011211221020211221001011002112000100021102201000211122200021201110021011211111211222112200021221222012111121220021021211120200120212222201221222110000221210
313 01121220211221020100212220121001110110111101102121111120210211101211211221200101110002022220212212011011011122212011020112121122101112001201110020211122100000021102002100122220101122121010210011212011110112112202010102010022111211001110120120210120002002121220201110202201220100022012111112101122201002111121200122212200221201110202021121112200101112021201010011221221200020212021001110121021201112111201012102110210110200120120221112112101221101011120101021001022101111121112210202100102201121220102212200112101212102002121021201120122102212110210112002121022201201121211210121112001011100112110212101021121102022222210122211012020222212012221112220221220222201202022122221102100012210211202212211220022110120021001122022211221111210101020120021100220101121112222111201211121112112211122020200210220
314 11000220102121122011012021111012210110011002120121110001120221101201001020101102021011100220221222100011112220200010012221120121012222122202120120010011001121110111102000100221212022221220200222102111101221120112010010211011001202102000102011100000102011212121210001202202201101112002221222011212001111011112101221212000111012102212021222211001211112020001011210012121201021101021011011012121211020210111111111122210200102120120221102002012122112111020120112201122011101021111220210101001110211111100201201102201101220101121122202122220111112212210222112222010200201101222201111111000221201111000212101102120221110210000211121022001222222111101011221111010222212112112212102111011011102222111202211221021211102020211111010212211210010011210002001202200210111122122221211210001212200101222010001121101
315 01121110222121020111012111010101100110201012122120121002221111102111201121101100022100010220201122021000102200212110010022122020112212012101102011121021212021020001002022101211211111221210101020112100221122011220000201200221212212002012220011210000012111012221110220201111201201101002121211212120011100101022101222212100111211022212122221222202210002100101010011022111212120102122011012121111201212110020011222112120210112220111222012201100212112011211021001000121210001120202111102010201211211121101201010011111201201012221212211202101202101202012211122122101121221101122010010021101101200212121202111121121222012101210111121112202211221112010112011010211221212012012202222000101121222221000012211121220121211010212212001221221121010021200200112102200100121201212210202201211112200210222010120222201
316 01121220112021010220111020210101220111212002022002211110120122002200211021121202121001021220210202011011101112111100011012101022011111021210110111101021101010021212102000020220200121020210200111112001120221001210210111101122210201112101100111201111002102220221021220112012212101011101220221002121102120021000101121210110110222102212121112102101110101110102201121222121111022202111022120021111112001101000120202101100111102221000222022002021211100101220010121112221001101001201220101011112210010222100211011011201220222112111022202120212201222001110122022122211111201211222200100111100020110012021221121111210211112220101121021212101211111101011012020221110221211212002102121101011121222220111021110211121201111020201212002210221001110111111020011201111210022112202121201211120201220011212010211211100
317 22111210112210021100101111012012010212221111110021021112110011012111202121211201001010122222212212102212111222201010101122012002102202110202211121100111211110010101102100000220212122121121211212112010100212002201022102100111020211102222121111211001002212211210101211202202202101202001212212220111012121002221200211221122222221121212212021121002211121121111110112112120201121221102011110022021110222220021021102112212112102210000212012112120102010201021121221002210000102022212120201110201201111221002202111200211212220002121022211220210211221101111022012121110211202210101120110102100020200122110201012122022012011211210111121012010211102102001002111220012111212202012212222000001012112202211101211211020012201120211221021122021211120011020112020201100200121221201110201222201121121221212110201101001
318 00020211101212021000112011011222220222212211010001001120211120002210211121120100101000221210111201201010101120111121000121121012121112020201102120100110111122020012112011121221212001120200110202120011220111102112021111200111111212021011202112110010002002011220201110112111120001112011211211212011012212111221001101102020220102122102122011211201221121000111110210222210222020102201102100011111211202210100111102111210201101120110112011111011201111001221110010101120002011011211120210201001200111120212201000011111101211211111112212211221000212202110212001222111221202211222111021022010010212122110112002200220102111110100211022112111202212012112212210021011222221102012211220211101110011200201101010112021201011010211102120221220212210210221212011111212110122222111210211211010211121221212011010220210
319 12010221102112220111202021021011101102211120010112110111100211101200120221210101111002022222221201112202201201200010010021111012201212111221220112000010220010001012102121021121211121122221010121111100201102111201022001111222012221011100022021211001001001222121201110101002211200212002221212100111011110100221010212111210110201011202122111121202111112121110001211211220210021201001012011021122111111100001011202110111122101221220221021022100111101001121121021111221200111011101021202100101111002120010201110001202201202111111121202212220010212102010011102222011112201022111210001111110101211011110102111012210012022102010222212002102221221002001102011221220122211101012212220211200002222112101011210211021202212210101212021211022112110101120201011200220100121110222100211112101111211211212010111210211
320 00210220012011222020112010122101201122202100000020110202210210102100201211210210122012010120211102012022111200202020100102100111102112111212111212100021112121202001112001022121002021111111101021121000211111112200100122110010111211001010121012211010002012120022212210102112212110002101011212100100011211020200100211101010200111212212111211221212210210021101121010211021202122101122002111201121121201110110010110221010022111112000222012002001212110102220111122101221100100010202010101110202200001110102212011010212200211200220122102110220211202001000012111001101210211210111110000211001021220212010202201112122111022112101122212012110121211001100111210121121222220002111121120001110101121122102111221202012101111020201222002222222211111011211011011110100101012112211220202221202222221010222020001210201
321 01101220202212010002111111000001110220221101101112210211210201100001001222111200121101110120121212102110212210102010122222110022212112010222200210010010111000012110002001122220102122221210110111110010201201012211001012200201102112201122111122111100002002120221212121012112212100010111211211021011002011112011120121211210121222002211022222221111212022110102021120221010200111202001000100022010212210111021020012011211210102211110220012002111102201100220122021112212101212011212220102000102222112122000100111001011101100102122021222210210101221201011102121211121202102210211020011211110111121012002111001111212122011220010201112112211111211102110012100110120221111101110202122001200102021211202121212121120100222120101112011221221210010111220222010100220111102122211210201112211202212222122011201211211
322 00000121202121121010212000000012211221200011010221100002000201000200211202200200022001011110222221022012122101200020011212201021122102012201021220011022110010120100002000101220202112210011110012212000210122022200110111101110202111010101102112220011022002111221212010112112221201002101221201101010002110121120000222110010210111002202121000211101010102010201111011122110220111201110002200122120201210211110011202012210111201021001211002111111212100201020011021112101100001000111110211001211212111102202111000112220101212211120021101221220201122102111112012102110211100202222210110022210100100012010202212102110112211021120222122112020212200012001112021222010222211212022112211101200102222102102211222221200100200021121212011212121102210110021202120100200202021111122221201210112012221110221000021221110
323 02000120202222021001111020022001210211120112001012111201221200001200121221200101121001121110121122221010201200202010121202111021212112110101110110100121001111011001002102011220202012221010211110210100111112000102011102002101001222202111110222111110002012120220121121202112210200010012112222112111101102021021000121112110111102012212021222221201202010111201121220120120211111211101012210022101112101100111011011022210220101121120222002112111212000200220112122102012102202210212110201110201112222222011101201000111100210001112012212221100112111201211211021021001200102201211012000021201111211010001101020200221222012221210110111112200101211202220102111020020221221112211111121100110122021112212202221210021211110110111211122221221210010000220212000210210201012112221211201201122211111211212020201211101
324 02122120102121012011201022220000200110100100021012111102100121112100211022221201111000011210121212021001212220002200111112002021202112011200220111010110111121020011002001001210202012021011200201212011210222001102021101110201021212010110001012222010112112221111222111112102211100011202222101102120102211010211110221220212022222111202221122221202111111211102111121112010201001201001112110021111111211112121011012121220110100011002121002010001111110201120111020022121011100110211110101020211222210112011211010101221100101111101122212221210100112102110122021001200000112120211121020011102110210111120111022211101211112211000112021122111102121102110112121121121222202212002102112101001112011111201211221121021110111010200221021210120120210100110002120202210201122212212221211121011201012211020010021221220
325 11201120112212111011101010022111101212110121110121201121101200002210112122111201101111110110200212012012011201222110111112121012011201111111201021010010102011021112111000110221212121120021110122112111121202002202110002111222110222001201010111110111002002110222110210201112111100112002212211102011002220111110001211220200210101010202011122121101211222220202021021112021210021202001000011121022211002110021020201022111211201121000121001102011211110001120001022102111000101201121100201112201110102120101102201210110201102111112012201210221211211102210222002110011220112121212110100212001100121222010212012122221121020002110111112211021122122012120112111021220112201202002212111102101102112102112121200101021112020120210211121112221000220021020202011111211102121211212220210111102210221210122010111221221
326 20102220112122112001101011010012220111202001121121110121110111112211100201000100221101110120122122022021201211001110001122021002112212112202100220001021102020000021102100000120222120220120100122202010221211011111011201101111012212021010221002120000001112211011210221212102210200001011221101022012001121011122000202201100210112201212112011121201100112110021221210121121202001102110021211110020200022210221011102022120111101111100222002002110021100102220212122001011101001002202110200100201200111122001212202001221102011102020122212121210201101110200222101220121211201111112121121010011121210221000111122101120211221221101212012121111222220122101012121222020111222102022012221001001012112102221212111111211220010020100010022221221101210110100112021101110100002211221210201111201101210011211110101222201
327 01110110112212022110221201001002110201201002121120100102220211101201210222201200122000112110221221020011102102101021011201102011102212021101010121001022101010111001111102010220102021200101220022212000211222022201210111110101002201011100111021210120112001121121212211102202211101022201212110011010002121101011000121201110111202212112121002222002120212100102121020222200212111202010001211021221211102221021010102112110111202021101122001011011221100202120121122122220002101121101210102010202202221211101011010110122202111112121022112211210101201202100122011112210112110222112120100022011210212112110102202112121121121121021122122111010202011002110121022211220112221212001111122001100002222111101211121011112001111020211221121222121110220110220211010110100001012211221121201210001112102101121010011221201
328 01211221112212121001202000011112220222211111110022022012120110002100211112111102011002021120202212001121210121001021011212001012011112111202200210111021101120021102102101101210102122220100210212112001200120012202000220202110200212212021010012210001112101122222200200201011201202112201221212011112001111020021011110001100112211002212122120222201111002120111122110122021221022012011011010022021100111201010120111112201120211121010211101002210111111201120020121202222121201220212220210100001110010120100210001011212200101121120012112120211112101202110221002121011211110121222211121012121110202112011101011212112111222211201201122011201112211012200011220200120222212112002001121011000021112212010212101111011111111020111221120111212211210221120211121111020110022221221221211221101122101211222100110111200
329 01000222202222020011111011010102120120110112100111211111211210112211111122211100122012120120212122111101201001112100001022101011111001021212100121120020101021022202021001101121102022021020010202112001220112000102010112111202000211001201111221001211102002221222121111112102121110112112211222112020111220021011010221121100211212011212201010122211212101020102000111112010002120112101111110120010102121210111120111122010210111110002120012012022111220112021001101101002001100120101110200111102101012212101212202200111200202121221122212120221110112111202112122022020210010202211201000012101012111122110111011111211122001211211111010212001012112002110011020121020122212101022202111011001001012101100211221202211111101020211112111120112122210120221121111101200210122122122221110212110101222211222010110201210
330 10011122002222021110111011011102121112211012120022101121112211102200122122200101111002021210122011102121201211102011021101221012012222020212201020210111112011002202012001200211202021111120110100022101211212002110010112201021110212101201121211101010002022020221120222101212111201011011212120201022011112020021100212110010212221122112121000221201212011021202111211221010210121211002001211121210101102210110000202122220210101101000101011010021101020101021210012102122001100220101101210020100001111212101212101100110201112212221122202210211121112201222122022221112211201212212220011021101010110212110222011101222122111221201022122222110212102112201102111222021101212112011222112100020022221211200211221222111212122120201211221221221100021111221122000110210201021222201212101202201221112100221201121211200
331 00210221102221121110221022010002011120202202001012202211110111102101111110110200121000001221212011101120111210101000012212000022112111020111110111001010122110010002022012102210201112220220221200222110211221012112010102001202212202012210111022210011101101200221202111210201221020010022122211202121002220010222121112111110110222002202122022122212022011120001011221111010101021102102112011111020011211110110121100022211120001121101221102011112012121100121110010002111210112022202220102012101102111111000111000101122202101111221012212120220201212110111122021112121210111212212122111112011110111212110102111211022222121202100021212222210222220022100022122121210222210112012202121100100111202201211112210220021110221020201101102210212101020111220002011201011111022111201101200212110101210211212021210222201
332 01110111212121020010120121100101110220011101112111102202110120102211001121210200010000200221222121201120202100122001021202011012202112021111201121111121101101000102101101102221201122220010202120111000110112001211000012010111112212101120110112021110002101120221112012102112210210011002221221111010012210012120120121211210110212022111111021222201112012111001101221122111111121201002021101002110021112111100021101122110120101120010201002101102111111000220121011002021110201011212220201001001202111220200111000002210201101101221212222020111202212111101112211122111210012202121110220111012211200212002202112201022122022101001122122111000112220121110122020120120211201102002202212001100101211120201011212211011110220120101101121101211101000001221102012201201110021011201211201221211221212210122111201010201
333 02100121102122011211112001111002111221211011110121001111210100102001220112110101021001112021110012011211211111201111021212111022212012122102011121000112101121121102210002010220202021220120121102001111110120011111020121201200012211101110110122121020002102211221220120102102210110122102212111222020011121101110111020110200212112222112112021222001102101011112011110212110200111200111011110022101212101111010010101122100020200121110221102002010102011202121110112102111001201000111120201110101222120121100011001111101101200011121012212210220101202112101012012112000111120121222021110020112121211211002101210011021111022120201212121002101201211112210022121020121212222202001102221101111110212201201202122211022112201020111212121222221021011121121200001100110200122122201211101221012221101012222021201221211
334 02111221222111110102011111012012110210201001101111100112200120111200200012220101221101011110211202221100200210212010221222201222212211111210220200010120211022020111002112002220001122111020211201122011210112001001120012211120001222121010021122021010012011210210212010112222210100201011122202010022012222220212001211112100120112122212120121121212222011011002002110112120201011202102000010021012111111121011000111022011121002021100222101000210212120202121212222012011101201210102020111110222202001210200102111000212101010002111020202220211012112102020022102020001221011011101110120110201011201122021012011210212102001202020212111212000101210012011201100220121221221112111202222101000212211110111212111220120120000120100211121222222220200100200102020122210001012012211210212202011221221112111121201210111
335 12110221112222121200111012022212110222101002111001011000220102002202101211021201122002000220112202102011112121201010121211121011011012012202120220210012102110012102212110112221112011110221110111102010210121011210110011021112101222112120210121211111120102121222221221001211110010202202211112012221110121000210000021200210121122002112121020211112200101010201021110211121112021202011012211101111101111211100020111022100200001101011212112001220220101202121101011002222012100101211110220110212101011111100220100021211201210002122121121020211212222002120112022110011122110211122201001012000001021012001101122110222011011210111122011002001200122121001012121220211222201102011011122101200212211201201211211211020002011011201221001222222011110010020202001220220211022111221211201220211121111210222000010220210
336 00202220111210110020112100021112110100111111211211101002220212001201212122210200022001120211221122021112211111211110001122021021122201012101211122000110102000020001012120211221212021221010201101112101111221002210220110100122102211002010010112210001002002201222110220201112122111211012222201202011102110000101100221201100120101101202122221121102111111010001011121112110222021201102000010022112201112110021010112021110210001021110212101221100002001101120112122102121010101111211200201020100211111121100101101001211201120111121222211112212021112101201222111211211210211221222221120110100011101011001202001122200122111000010122011112111212011112001202212120221222201211012102121011100021112111101121211020011100212020211110022222222102120012221101120100200011112101212212202101101121220222122010111121111
337 22020221111211100011121001101111111211211002122111210022111211111100120022210100121012210211221111011001201021201111000121100002102211122202111021000221211000022112101101011220201022120120111010002011110222001111100011120212001212001101002212200110111101010221211220101102221000101102221212011110100111011021110221221110110111001100102121101112212002010011010212221221102022212101121011022010021012211200021102011101121000112100212102101120121101200120010001111021001110112111120202021200211111221101102210221211212121002222122221111122201212101002221122022111220111220220121010212002121110212010202112222120222010210211112010012112202211011111010220222120221121111002102211110000122202200202122211112122120211200202211011221022102010010121011101202121200112121102110201221211202121212112010101202100
338 01000220102121222011102020020122121211220110011022110112210102101210111122210112122002122221211102101001211111121011120121200012212212122210110122000022121121010112102011111221112021120010110102211202201011010212011112101121212221012110012002210000122100212220212010102001211000112012222111101110011101010101110211111110211102112211212121120112101220011102010200012110210120100101120100011011101111111000022201110220200002021111221112011101112120112110021022111212101110111211121200111211212101221111202100001211201200102211122202020211210202112001021112122121201210222222011020102101221202012200102002111000122120212110101122212001022221002201102012220212221201112001222211201101002012202110110221220012211121110202222022121212220110211120212120101011210022221221111210122101211111211121010221110111
339 02011221211211022010022021010101211121111022022020111101120121112210101021112101020111200220212222021011120210101110010020012001111222012102020020010122101110012201001110001220212120221220220111212001111221021112010000201011001211102001221101120000201001111222210201102102212000212001120112102121000211121112101122121101220002101212022211221101110012021001110200121210111021002121111021121020211121111100121202112120210100220111221002001011122011112120022021100211101211121011221210002102102112111100202101001211210212102221222202120210101222201201222122211000211001222122221110012000121212222100212111001020111121211102120112022011212222002010111121211120221211102002212112001001020122111200212211110121110111120211112021202111120111011120122001202200120022112211221200212100110221211122000111222201
340 02000221002222121010210112000101211212100212002121021121220110001200111022100201010002221020222122121202101210012012002021100022101111020112200022120120010020022202002112202220202122122120110201212201220211021112020012211001001221112100111210111110202002220212201200002102020100001012111122101021110221121010000121221200221102100111010121121101221012120201010011122020101022202102010101122101112002100210012101012210221000122010000002101112222000211220111020100112002200200212210200102102112211222101102201200211202100102201022202220221202002202202022022120121010111212202121000022100110211111100202021002110112111212210122112222000222211022111012010121020212212102022112222101110111010201201210211111121200011120110122122222122122000021120222011100201111022222220220002201120222101200222000001222211
341 02221121211211101000121021121001021221211002122012101021220112001210002012210100021000121220221111221201210220121100010112221022122212122220100110011011212010111112011001002220101002120211211201222000212111012211000112201211002212102102100111202000002102111220200121101012122111121111212200022210001111011101211121202111201222022001111120122202211102021011111220122220112121201001010011021020212212220010120221012111220202111111110012112001102121101121120010112010210112111200121102200200211111122100112001011110200201100122101222020210120122201012120011121011212202201122110120120012110210112020102112011211222011010210111221122211221201112010012111211110222122111012212112110000011212012110122111120022110221021102101002011122111120111220112110111110110122202211200001222001111202100122100121122200
342 02211111112101010111111010022012120120101100211110101211110110010200222021111101111112010210220211010011211121221110020122111111212211102212220121010120211011120101101002101220112121210021221111012100202121002121120010111210001212011100111111201000102101210221211110102112210100201000222222112121002210000101000220212001220111112201021122222101212012111112011222211110212012212212001000121122210102221022000102020100211002011110222101001210212011101221210221002112021211011001020201120202102001200100102001011222201111002221222201100222001102201110122121111101210012120211101120121101110101011011202001112222111122211020012020122000211211212100101100021121011212100012202121012000110112100212122120120111110111110101210021222122010221011222101010201200111022211202221210101000211220011222021001121021
343 01100210212112122211110211011101110220202101120012101111200201102211112221120101221002211120220212111020201202102010021101011022212122020211220120000022022021011102202101001210202011110110210110221111211112000211101111121200011222202002010222220120002002220220122111102111201010011001211202022121002111022012110121111211111101001112020111221112220021011202012121121111201011202021002211122011112101110121020100120110110001110011222002012100112100101120111122112222201211110201110102120001212211121100102200100222102211101021011212221200201122100101212002112112111012111120221010121100021201111011202022202121221012221011112211012100100121102210011011120121121221110011201222101201111110211201221221111110000012110201212012222122220110100210201010111210000012122222221202222111211212211112010101221222
344 01201201212210221010202001021102212211210000011122011121120220001101102122220001122001010120222112112010002111201010020112012022100211011011110120020021202011120002101121212200201011121210111000222111111102101111110121211111201210012100011122110011011102221122111221101002221000101012222011112010120211002110112121201200121121111021122121211101120102001001110110112210211021102002011000021021111212220000010211122210210100110111001002011210222101111210212111011021110202220211021211221211211211111101221111001011202221211211222112010010120002202101211000210010201000211121111111011010102112122100112201202211221002111210222122212111112222112121021110122100222111112012102111101000111112221211122212110020001222221201011111012022221120011220111001101211210122221210211101211111222212211222021121211100
345 02211221202120021011112111210111210020221211112202211112100121002200111022221110020001120111212122011000202220200010120222111112011112001211110110100120211011020111001001102211102111121110110121121011111212101001011122211221010212110020011112220010012102220220111120111012212100111021222212011220011010111210200110211000221211001212021021022212222100200202010121112010211002202002110111022011202100011111020001122220101101110100211001001000212101211120110122011122111101121101110101020211211111111020202100100110201210102221011212121110202112101220212012112111221111021012222020110212111201111120021101111220122002201111211021112200112221112110020020120011112101122110102112101100122112121100112210221021011010020111211020221210120200000210102022221210200022222220121202221101202122210121020101202110
346 11100220211210021120101011010102220120201211011112011112110121101222111122210201211001112220201102012000201111112101100122202122111112111101110022010122021120111112102010122100101012220020001020221212211122112222020212110022220211002100120102210001002110111120122121212111222100122001121112012210001201020101100121202210221001112201112121121102201101011111111221112020210021201112110211121020002202102010011101122010221101112011121011111001222110211020011122212222011102120112211210121211211100222211202101110201101222202221111211121122111111101101122012121101211211201222110211102011121201012100012111211101111222220210011022111011222210002200112010211211122202011011112222100011112121211220211222210020110010021101122122222120101201100221212121210211110012212210221202222000012102210122020211211110
347 02011121102210021121022012002122111121102122020001001212210120112211211121221200110202122220012112010011202221002210010010010021122202021220101221111100112111020122012000011220102010120110111102101111020010012102111102100222212222112211022122220010012102211220201210112102120101121010210201212101002220201102210111202100211222012122111121220101120102001012110101222121212020100101012020022020110002110010010100120210211102111120221112012111111100201220221021102121102110211101200101100101200122111011210010101102101210201000012201121221101112202112122112111022200102221212010010122001020112012010211101101211122120121100111110022212222222011111102220101110222221012011202221111102012211220211110000112021201121010201221221221221112201000122112010102210101122122202201210221211222111122222010021211101
348 01021221212112020011020110010101111222102011021111112111210111002210011101220110201201120220101202002221212220011120011120220021112111020111120221010110202021111212001011111220212122021100021211022000210221012211010012202112002121122120101122221020102102200221110010211201111200002101111221210010101121120000120101211101211212021102211021222111211002010001110010221100121221202002011001021020112010020100000201120120111111111210221012002100210011011122111011112221121011110201221201110201211122220110111020200111210212211211111211120110102212201110222022221021211000201222200011102001020210112010212002002121101122120200112112122111222212122212012110211210222121111001212122012110221121011202201221211000011122010102112120121120201110121221112011102201011022212121122210212100112201202122110110121111
349 11100220211211121000012112010101121110222102211020100201221110011101102221210201000002011120222122102102001200102101111001211022212212020211120210010111011011111201012001100120101222221120110121002100021212001201010012012122001201101220011120211011022002221110110100112011200100011112111211211121010120111021100111022100212201021212122121212210202000120101010022101120221022012001011121111001202102110001012101122100222201110210111012211002211102110011012022001221110101220112110202010102000012211010112212100220200110012222111201221221102202102120022012222100211212220111120000011200000211212110002012022220222021022101110112121011212222002100001122120020112212112002212222100110022121211012211221111111121121020112202121111122002120011121211121102201200112212222112202111111211102201222022102211201
350 02011222212122020010110120222121202222111102120021021120010102102200012111111101011100121220211210112011202211202000010112111011112211112200010020110111102010111112102100212221210010220110101111011001120220022211111202002121102112102110211111120100102001221222211220212202221100111101222112112121000022011210211222221100220112002102022012120211011002011101010021122020211022200110022011121000212102220011011102111120220202122200212102012111101111212201120211101020100101220211120201101202212221111002212201011201201110101222220212221220102212112111211112012000201212211111201111121002000101110100201022102120212112111011012112111011111112021102112020121121212202102002111222211110012122202101221220210121111010021012212121222122012110021020102021212101001010211221121201221221111221110222010211211101
351 01110120212222121120211011011112110212200011020020110120120200102200222212100101022000012220121022012112201111101010100111220011002200011111102000110121111001011002111110111221002022201120111200122220020202001101000101102012102122102211120122122011002022020221101211101102121200021212102211202121100221120121001122120100221111102202220101221210211002120201100121211121200021212111011000120111012112210202011202212110212211010000111102121012102111102222211011001121001101101101110211211101111201110102212212101020101112212220102201212211200112102222211012111112201210202212000121022201001211101110122011011122101012221211122111022011122112122110011220211010222212102012212121112000222221101101122222221212201120020200111122212210102111012120121011111100201111212112222210211111212111100212101112220201
352 01111222201211112100102011000111002201112012111110211110221010112220011121221100111101112120111212012101102210101100111012012001211212101211011021011121102111022212101101011211211102121020200122122010110222011210110002102122122201212110121012110011011102221222202122211110221200102001011210211121011200102001201122221100211210002212211121201211212100011102120000122110211010201011021122020120102212110010020111022200211101102100111102001011121100101211121022102220100001211101210201100202201011211110212121012110202220001210111221122210001212101111112022111020201001212012201111012001020121101010102122111120221021212111121021112112211212122100012111211120120211102001102202001101111222211010200210201011202222021202020121222222210120210120102011200220211122120211110201220010222211220122110101221200
353 02111210101021121010110112121202111021201121121201021201220210111101112120221202121201120110100211022001202212102111020221000122112122022211221221100011201121020202101001112220201120211210001102221201210020112212110112110111011220102021210211201100102002212222122110202012212101012100211112202111012210111121110211221111011101201201111222222211112001121002222110222010220021201200022011022011101111111011120202012112210102211110221002102011102101120111011111202111000101210102120111011102200022211010202000101110221121000112111202120210101222201111011112111101201101120202010110121002100201001001211121002101210021110200122021122021212112002120002121222212222201112002221111202001021112100211201112102120011200020101022022221221101201000111110111201210201222122211210201011111221220220222000111120110
354 00211221012222020101122110010112221221110112112220021100120111202210200021210200121002011121122102012101000201202201000022101011122102002211210020110010112222111101002112002222201012212111110121121101210222012200121002101011211221012011110122101010112002222221221201212112211101111102111101112120010120000021201102211010210002002221222112211100210011021112011200121120200021102002010102110111200212120101011101122200210111221010111101011102212100201111210111102121001201122212120210020101202002221101202010101011212221011211121221021210111122101002222021111011200110221212211010022000021111012110022222122022121022201010211121022112221211102000121110122012112212102001211120100001010121102200201111002121121211021222211120222221212100010120121121212110111022210211100201201010201221100221111211220210
355 01110110222222102200020011010102211221102122222000201211011121202211111012210200010000102120212212020121102210001001100101000021012012011220011220011120011011110221102100101220100121211211221101010000121111112101010202102220111220011100111022201020012002220220212211112002221101102112222211222210101112211000202111211110101221100212021021222211112012011212121220122110202022202122020011222020212212111110121201022101110101110100221022002010212101210210012112012222100100211102110211100102201111121100202100100101211211102012101212120121122211202110212012212121101221221212211010110012010212211002112002112221111012102110221120112101211222021010202021221110112211022111201121100001110221201102122011210020111221020022122000220112121120012120221010210200010122212201111201210011222211101222000221201120
356 12102120112221112120202021001102111211212102001022101122110111102100011211210001211011010220122112001120211211111011011211221002102221020222210110100001011021011102002002111210200112221221110100121001111221201121020202121011100212001112000021220000201011210220202210101212111111000102122111222022012010021221112202111110212221112110121111222211221012121001200110102000201020102001001110121010102212200010211202121221110111121110111101002011211110101120120002102101101112121122122102011101110111211110111101112221202210121222012112210201011022200120222021221012210102201212211121122011121021202020111200211012222111212100221212202021212212102101012022122021212221122012112122000000122112210101221111221022211011021110222212110212110120010221011102200210110022212212210111212201012211110211120110210201
357 01221220112210210111002011011122121211020100220121111111220210001200212022222101101002121220211111010121211111221101001212111111212111002112220021100021202210221102201111101220101011220110220011212102201120011200110110101101121212002020110010210111012002111221210110112011211200102100202211022102002120020110000210112000211102202211022011111202221112110202021120222120221022102011121110212120020001011020010100112000210102011010221111102210201000111220011112201121110111010202111211110102110111221101101002111200221200112121121211111212011202211100221111111111211020211222110221121001000212011002211001101220021012121111111022211101202200222100112210110120222212112001102121012100021011221212220121201111010111010201210020122222000100121120210021111110010112202111212221112101211211211222010111112021
358 10111221112121121220021110022111110110202010101121110212110200112111110111100200111002110111221202022011111211102100120111000102102222012202211021101021110011001001211001002210102021210111122120021001220211002210101020111111111221012021011112201110112002121121201120102002212200002001200212100011001111011110110121201100101111202211012221122212221010000001221010220120212222212011011211121120211202201020110101111100121110121110211001002112122100001210121202110222100101220212120200000202202112122101202001002220202100101212022102221210110210102101222212101002111121101112210020111001020210211021002201112012122122112102122211012011222121022110002120221021212101112021222022110110012220212200100121211022111221010201202002222211011011001222101011100210101022122211221202121102211212120222011102211111
359 12110200212111121000112111011112221120211111001121001100111210102212212211210202221002000220121112212021211102101000120112011022111122012001120120011021202111112012222001102110201021222110210201111020210211000110011212112011111221001012011012010011011002221120221212102212211100111022212222122011012012021020111212202210222111221120022210121102211022012001010010121110201010202001101000121021111102110001110102122110120100101110111001001220022010010210122011111111012101121212110200110211202112101100211011101220101102111211202222110201211112202101111001221120111100112021101110011021001111122100102222000121221022210101212202112202202212122010212011222110212111112001002211101000110112101101111122220100121212120101012110222021212220011111212012100110100112112111211202201211212211212222110111220200
360 00200220121221222000101010121212210101200101110201210102100121001210002222210101122001101211120221112201211220111000002122122011112112201112112221010010212012021010012111101110202110220210100101111120221111012111010121200011112222102011020112201011001102011120212211102102220000001010221222112111012120011111100212201200112112112212121222221112121002110011021111120020210011200011001100101011201101221220010121111010111111111011211021101111221102101011110111111112201202121101110201012201100212121101211001201212200210102222222202120211011102100111121001210122200221212222011020221102102211012110211011002121211121102111121111112001211222011001212100121200122200002122112122212000012111202202212212121021010212010201221022121222021010000110100212201210200112212202211100200001212221110112100220221101
361 12121121212110122211102020212111011212200101011020210101210212212210210012220101120002201210211121211111000210101110001022100022121212010221120120121211212021011221002101002120102212210201210101211201222112001201220211001022002111112112121122111010001112221211212112112102201100110101222221012112012121010022201101122110222200112201110110021212211012021001102021221010200010111002211120121010121211011002010201121110210110121020211001122011111011200120120221022021002100120201121201120212110121202000102100000201101111101110121212210200202211202111112012012102200212012112210101020001000010011111122021212112122111120100202021122012201212202110002021220220212201022012212020101000122112101202220220221011211001010101112002211121222101020222112010211220101022112100100211121100111221101121000111212110
362 10200121112111111000111011121012000211100011120022210100111210212100100202011200121101100121221112212221201101211010021122111121011210010200110210100011202021110112102101201120202110121220100122212020210201022201022112110122000201012011121111211010011101110121202202101212221110102012211212101021111121021210110210201201210111212221011111012101211002000100100111212021101100202020012111121121112212200010121102122101220001211020121002011200102010202120201112000220211210102201120200010101211120012011201101001200102201001100212211221211111102200102121201211111211111211222220100012012111201222021121222101210111022110210221211110112222220002000012021121021222112111012102120201010012212102210111122210011122112020200101011122122111121010210120011210122201011202212220100112120101210110212011202211201
363 10012220101011001000102011002011111121200212011110010102210111101111211112121201112202011210111122021122211201201101102120102122012212011210100200010210110012111110002001121220112212210110211201122100220012111101020012211222101111012022101121211010002002121220212221202102211210011002121121022221112120011101200211110100222002112212212220220210111012000102010010221111220111102012022010021001121212101110010102122210210100120101221002001001111211200221020122102112010101121001220111120202111012212020221100001111101221001001122222211210011122212110112012011011210212212101021100112001021102122121201110002110112011212120122210112112211212110200001111021211221120011111201111101110112022011201101121121012200011120200122020221221211110000010212010100220111022112212121201222220122210211121100220210201
364 12011221101121210010111010111202212211122122020022222021210102102201001112111200121200120221101222112021212212100110011111010011022222122201110120120121101021011012002001102210201012220121120212212011201221012211110112101211112222112110210102211000002000120221221210121112120100112002112212122122101102101110211222201200210012011221102121120201200111111000011111102201211022211011102010122110102102220101120100022210110102011110221102002012111110011110120122102220001201221212220210010202222220112002201111110000201220100221120211111220202212101111202211112110200222220221112021021001110201212011121122011111222021121202111121121001212220000200002121122122122111212002211111101010022222202101111210211111100010010200121121222211111101020021102020112111000122222211221200120211112220220122100110200101
365 01112221102122112210201100121101111121110001022112111011200101102212101202121111221022201210110211102020201101111010020221112011202122011212110120000020112020121012001020110111222001220100201011120101101221102212100112111212011222202001110212200010112112120221212120202200211200112010222222122120002220010111100111111100121202002201111110221111201221110102111101121121212011202101011222111122101102111212110100021010001002111000210001001110202020000220011012101122111110010221110110121211102101111010101011110211202202101211112101112210101212111202122202112202221221200121211120012101010110111100112012202020121021110201012222012001212111122100011121122121111211111001111111101201101111201100211221111200000011010212210011222111010210001220201111111200101022111202210101212111211212111122010110110201
366 01010122112021220000220022000012111120111102011012211201121110102200211121210200012000111121222021202121212200112101012111002021102011020102201021011120101000111002122100101210201122110221120210212110220222101101020002101212002112011210222222211020002101120222212121101111120110021011212221202120002121120020110221021110111122121212222011121201212012120101001120210112201120212101111021021110012112200211021112122110221211120100112002010102220011021220110002002121000200101211110121111100202121211101122101101122201102201221122212121220212002001112122112122021120110212122022110012002121201112011202112011122111012011101022122021001122211022210012111120120112101112002212111100000111210210200011221222121111121120212111212212221210110211200212000112100111022212202211100211110202212200222211201112200
367 00100220111210011010022121021110110220021011202211102201210110111211102120211201111002221121222212112220202211101110010120211022012212011222211020001110100010022212111000102212111012220011221020002001210201102200021121001111111221002022100112100011102002121222210211002000201200022000211222101110111110011010000121100200021122102211121011222211222001010102102221221120222111211011020121022021200201020020220111000110220101021011212011101011211101001221122011001220010102111111220211100212101221220201202000011111212111012212022222220200201202102110222012121102212021111121220210102002100110122001122112112120221121021101122012112111211122112020112120120110220211202001112121102100012211120101200211121011102112020201212020011111021100100110112011101221100021221222212212111101212222111212002102211100
368 02210220202112121010212021022012100221021100111210111021110222100200112121111100021011111220210211100121122121121010011121021011112210012202110121000021102010010202001011000210212121220120210102212001112220011211210122101121022212002110010010110100001001210122210210102002212010101002122212202112002020010001001221202200221102012212022022220101211012020101020211021111112022202121011011022120111011211120111211122110200101220120220102012021012111011120111121201222020111020210110201100201201111201200101101001101211100102221122201021221201102212101122111200101220212121222220211120000011101111001202101112121101222211111122022122001212101112101211221110120222201101012222011001001010112211201212211020020000121020212201021212121101110011221012110201201021111112110201200110000211220111122010000222201
369 01100122112122121020111011012112111112220102011121220100010221112100111221211211021111120120201212111021202212212001010221010021012112101201210011020121201010010002011001201220100110210120101111212012101121012112220002010010012212002122101111110010102002211212221120200111211100110002012212121021011111111011000201212211222102101211111122022102211122000202001121121121202021201101002100022120211101010201110100022100220101210210221002102001211001011110122121102221110200112222220220000002101211111010212101101101211211100222211212121120002222100200222111011001211112120222120111111111010200022100201121112110121021120010112022022002222211102020202121222121201111012112112012002100011002112200101210221020101100020101122020222121110011010011101011211200101022222212220102112121211221202122111121212100
370 12111222002212221020102021110101110212011112211011211022210101102201022122200001110102210110222121121011101201202002011101010022221112120202110021110011021021121102012001100210211022222120110100222001111222002212020122211012100221111202120210100100202011220221122111102212220101001011111121102122111122010112101111112110222211001212010110221200110011221100211112222010210020201001010100121110211102200000111102212100220100210111121002001000211010101110010112212122002200110001111111111201012210212100202101112110201111111211022202120210011022201111211122121100211112210112121010021000110121222100011111102121122111201200212212222011102201112201112011022121211222012022212122100000002111210111111110121021211012121200212222221121122112021211122001100211101021212222211112212210221212100222101020211211
371 12011011112110122100101122000001121221121102001112101111220110111201211122201201021001011210222111202110112102222110110112011012102201001211201021012210201100020102102112101210202122121101200111122000111222002201001102010101201202112221121121111011002111201211201211202011110201121002212201201120011210011122200221111120220221000202122020122201122002120101001020102010102021212202111020121121001122110110011012122210221212210010221012001211120211110120111121002010000202022112120111220101211120220001102011001212202211102220022212120121212212000000122022022111221212211112121120102001121200112101202112112022112022212100022220212010221221111100012012121111112201012012201211100000101200022111110110012121221021020212120122211122101110100110212012102110120011211201120201112110111112210222020211222200
372 02010211011111111000101110010212122202111101021012110121120100102200221112200212111002211120220022111001000121101212020122101022021122021222110020000121200012012012001001012110011122021120011111122111110101010211021111100122101202012210002112211000001102211120221200200101212110202011112221201112000120011222211212210200210111112102121211222202211002000011111111021020101021102001021021110000101120020011000201211101220200210001111112201022222111211220010021211121102001120102120110010200111112121101202021011111222201221211112201221010202122201000112002112102100221200212120011102202112201112111212022002110012022210210222111012102221222112010010110010110111222101102212121000000022112202100102222121011012201220201212020222120111220101120212011002200202020112112121201110201202101222212100120220212
373 01001221012212111001000111011102221101201211122111110010110200012210110022100211220002111111212212002111111210122101002112112012100121112212200020010110002010011111102011111120201121111120100111102211210211110122010101112112121121012000010211121100002122120210110221001102111110102001222221212011101022010022100221101101221102211212021211222211201112120011210211121020202022212101111211121011212011210121021202021110212100102100211002112122112000211221220021110012012100110202210200110112100202221102222101100120212210102122122202221210102202202211122012220111110201122212121011020101220211222000002011111010102211102110112111122120021210102111012110221020122112112022212222012001112110102211220111211022100111020101011122121222001010121101111021100210111101222220210201211111112111201112000000221220
374 01100120202212120010100111011012120202221212010111121001120111011210212221221201012001121220212222122111102200202100110121212021112111020112120110110101101110022101002001010120201112110020121110101202120211002101000012102111001221101120120022211021012012121221200010212102111201021112211221201211001222011020100120122100210112112201112121111201212001220101010120211010100022111011011110021011122112110102011100122200222101111010111012101002210201110121000012202122010101221022110202010202110121201011111211101110201121002220022201222210212102101121122012122110210002100221011110011200101110201010002021112221202021221211112122021100101212112110101011120020212212212112212122000010112222020102221210211121112001020211201222112121112121021110210010001210201122222222211201101211111001111212021101220100
375 01011221202121010002010111010111012212212102112001211121020212212101111122221100012101120121112202021101112220110011000012010012112112022212200010110012211020111112001101012221100022221110110000101110110211021110100022210210102202012002011022221101002001201221212210112102211101011112201211011111102121001012012212110220100212101100112221112011222102110011010221122210211221202101011020012110101110110110021102122101220201221100121102002021112211101220112021112112100101012111220202111202221021112000201010110101211201002222022222210211201122010201202212211010111012221211021111102011020010112101101102112111122010220111121212222211212212001010022010121120222211111001202111112100001122200202102221112121200012020201122011222112101220120120222101201220101112212102210100201210221212212212011210212211
376 01020121012012111021212021020121100221100011010111001222100221101200200112211101122002121110222222121002101210101110021021121111011112011211111020001121111120021201102200102120102011011011010111121100120211012201210212101111111111001111111222210010122102222211102110112112221101112101212211122112101221021221200221211000122211011111121112220201211002000102110012121010211111212111101101111011112222221020000202121212221200210010211101102111122100201120120021001021001102200102021010011212221011220102222111001211210100202121011202212121201222201100112010112211110101121221110101022001100011122011202121002022012211012220222111122011222211022012121110111121122221122112222200101100111122110100212112121111010201120100122002220220101210101012212220101100211020112222212200111102212100120222010101220120
377 10110221202121111120000020100212111121111111121111120111100110102221200121220200000111000020112212011111110110101011120011020002102122122212211020011011002101021122202001211222112100221100201001021101110201111111111012010212221101111111111102201020002002120222211110012121212100101011222201011202101211102110211102212100122221001211021212221222201111020102011111122020210122101010001121022120202101120110121201011110211101110000212002002000112101121001011102102212001101112002220202000101211221102210112001110101201211201211112112211220002112212101202201121100212100121022010100022002121111222200112002012010211022211021022121012111121222011010112010120010221211101010202021001110011222110202112120212111011010020211102011120111010100000210211022112211110012012212011102121101221211220222010112210110
378 01100220012110221110221110021001210201200111020010100202110220211201200111201210112001010111221212022022110100201010021112001112102122022201121110100020101012020000102102112220002110220120111011111000120221022200220012220110111210022110112012211020012002210121212100002102221200002200222202201111001211120110100211201001210102101202111112121112120101001101011110022110211212200212002020121210211211111020100112112000210200022101122002021110222100112110020022012121100201021211120201000201201111112102111101201112101210102110122202111220112211102011111112211101202110121202210121120002010200111111101101122212211021021011022121112010122221001200012221122121022221102002102020010200012221202101220022112010011200020211101021222222211121120121211020001120201122011112221101201102212120101111010111212210
379 00110220112022222101210100120102211211201212000021200222201200112200100222210100012012211120201212112012110200102010011112221001002112011111111011010022100122112111222000021122112100122110110211211211220112002201011012102012101212002101110122220110002002110222212210202212111100012102102211101120100210012111101202220100221112112202010111222202210222220201121021212020211021202111101010111021222102120111010100121110120201100100120002001110211110102121010122202120001001200011210002211200101120211201202201110100210102111221112102211210201211102211122021010121221202210022001100122101111211022100212111112121120022102120122102202000212221012010112110120020222211212202212222112000212121221102100221201012112001020200122112122122011210021120212011111101100120212212120100220211212212200022120211221221
380 02020121012122110111111012001002111121012022021012001110010200012200201022221200011100020221210111021011110220201101010120000021122112121110110101211102201121011112002000211120201020220211100001002101221120022202220102110221102122102111221112110010011101120221102200112212221100002111222202122122001101111101210212201210211012021212111121120200011011000001020012211111222020100011121020022010210002111001110100221101210001120100210102002011211101011210010221102221101001202212210102000200200221211010202110102101210121101111120211220121201222202201212212102211210212211112020110101011100201112000212121002110021121221010202011122001221211011110002211112111222202112012210221100001111212201201221201211011110020021202212122221222200110001011212010111211211011222201211200021212222210011221000110210001
381 11111121002221120011112021002022210111112112120011110101220111112121200220221101100202121121122102000121111211102200010021010022122202011210100221122111112011120112012100000220102020120101101201201001121121011101020112200112121221122110111022111020002202211210201210212102220000212010211211122000001111101012111021202101221212012112121122111111120002010011110101121120202020201202101010122110100012010010011100020110211201101110210022122011021100101210221121012122211100222201210200011202201222111011101101210211201220201110112201110221202112102211022022012121201002120201010110112010111212012110221011211101121021221111200111122211212222022011002120111021221222001002202221011201002211111201111110102122201211010211221121221121012201010121111100101101100122221211211200222211112112212222100021111000
382 10111220102202012010001011021221210212111212120010100220110210002210111121111100102010111210101201111001101211211210000122121012020112111210201121010010001012021002112011120220212111120111110212111002121111102202020102111122021222010111101011000111002002000221200100102011120001212012211221202012002221021221001211211110210001011102012121110100220121110202121110212120211020202101101001020021202102200110120202011211211201121000122000112001202110000221111011202121001002112211110201102101100012120201202101111101100101101102112211211220101221102200212002211122221202110212010111112001010112122110212002211221012020001000220022112021212222002111222111021120212212102012222121112102101102201111111110112021112020010211202121222220101220110121202010021211101021212111210200121001201120220112020110220220
383 01001201002112120111021021111212212122212001111002010112220100001200212221120200010002221220102112020101112211012101011221100022121201111111120110110111201021111022011100010211202112120110100201120112220201101201020002201111000202010202212122210000102012221221200220101202020200101021112212212221000222121112001002101110221112022222101121122202210101121101110021122101212011101201011020121111111002100000010102011200220100121011221012112101222020201220010021202121001211221111210200110101212211012012212202000211201211012212121202020210002212102102102112012101200011210222021021122001011222121111222011001121112112110100112112012202121202122120001111110020112121002012202021102201011110100221101211112001111021020211221112111021112111121200121111000200110122122212222111210220210022211212110021210211
384 01121121211021211010220012010001111111211202000012101111020201201200211121200200021000120121121111202021212200002110001112002011202111021202111010020121112000111102012100001221202022010111110111202011210211002211110012211101012222012100211222210010012001020221222111001201121011122112221222102220002121120011200121011200210121021102121011121112211012020001001120121101201120211002011022121020121112211111020202111010212211111111121002001101211120011221110012002222110111201201100111221100212010111101122201110121200112200122021212120210212112100212122112222021021021201221111120012002120111111010112012111121111002110100122022022110122221122110022220221210222111111001112211100100101111200101120222212022220110120212211102212221110220101211211010112000022022212212221101211221201211100222101100221100
385 01211220212211121111121021111012221211202001121112112002111111002200201112211100202111102120122202102101000111012002110112110212222010022222011120010111211021011101112001222221201100111210110111102100101211010220020102100110010211001212120102220001012101121222001111111102201101101102112211012220221121011210000211211110212201110202021122211102110112021101001220012011212020201002021221212010201212110020122101022010200100200010111001001100221101201011000112202211010020111201220211000200201201222010021102100121200100001221112122020211001122202011011011120020201120201212121021121001010111221010012012010112111002112200012011222010100212022100102011220011222221102022112022101001022212001211212122212021111011011211101011121222111011111221202001110212011012201210111101211212212211101222101211220200
386 02111220202121121001101101000111020221222200112222120212200200101001011212101200111001201221020102212121112111101120021212120022102111010212100121000021212111122021001002012220112022221211211221201100211202002211011012200210102222111222110221102210002102120220201021112102202001011101221121011111011122101001220011112210111211112211122121221102201112111202021120221110200101101001011010022110111100021011020012012111210001111200211122002221112110100220021011012221100212121222221112010202111101122000011121011021001200102221022222210121001221201011011121212222111101221212020120202111101210001012101001210221121021221010212022102101211221102110002200210120221101201021202221102100112021210201022212022020111221110102122021221220101111111220212100000220100112122201221201111211101202112221012210210222
387 00011022002012112011111000011102211121102111011001111222220211102212111122220200010102120120202212012111111211112000211101021122112222101112101122111120101021121112102001121210112012221020210100011202211012201212010002201112110111002021021112200100002002221221222110112020122120112102222211112110000220101000101212021200222221001202011021121202110121000012020111122220210110102112000100122011212121220020011201121111210102212000120100011101212110211220022022101111001002101212211111210211112000121110211100200101210201112101112212010220211221102200122112010011211112201112121010122112211101112101202001202221221122222211212201100011122120122000102110221210222211211101201221101102102022121210221122100011111120020201222120122122221200102021212011200211101020212211021200222111111202220022110121211110
388 02210021222212001100021021111101111220101012222011101110111121101201111002200100011000211120222111120110111210010000100202111021112112021220000220011121121020011112112100002220001011221200222101121000122112012202010202201221101221111201010021201010012102210220211222011012222202111202212210122210002021102000212111211110100221011102011021222211111012012102011220022110102121201111010002121020222212211010020212022111110202111201220022112011112211210220111011022121210101212101120111100101212021022200102100000111211211201112201212020211121222201021121011111011101212212212200020110022020201111011112112112211121021011110110220112201221212111000112012212210212112021112202012000000010222101001022110110021021221021012212001111012122120122220221010101210100122202200201100221010221211100222000122112210
389 11001221201221110010212011110202121211211222110111211022200101102201111022211100022111120221212222011110201101101110000121000010122112022211110121020120002022022112011001102120102022120020010202212011211211001111010012101211001211101100110211101110102001221221221210212202220200102102122212022021201111111010111221212100221112012212101021121201211212110001011112102100112021221012212110221010102111220012020201122110220102111001121002012012011210111021111112102111000101121212220200020202212121102102202211210011201211111222221201221220111212100111102222122120210111211221112011022001121100112111121122012201122011222202212120112002112121001200011121121121122112202012211121112010012112102201112210212211111101010201021010121211111100120121212120201110110122222121221210111201011221220222000000200110
390 02212101222120021110012020110101110020210111122121020102111011202112201022110101021000121221111122020010002200122110020122111021121212002101011121111021101022010112102022200211211021120210000021222111211122000121000202201121101212002011120011120000012212101211110211102101202110002001122201112020011111001111200211221200100211021211111122222202221012100000010111021111212121101112101112121221101122210020102112022120200202220010211012201100112111120220021011011022101100220211101202020201210222022111201000000200201201011211112212211210202011201111221121122111122111111112110100012002110201102021201012210221222001102210210221112201111211012110011010020212122111011001201222001100121121111100002120120120110110010212211011110221221010010210201022102210201122200121221211212111112211200122010220211211
391 01000122212100121001111210011111121220101011111112000102210120101201211111210202121112102110112201221010200110212110210112210122212121011211210211010221202011121012001002102220112021121020222112222002111222112100111011111121012222012001020122110020112012111220212010012111201100211112121112110021002221110111100121011010011212212201021020122122221001010002011110222110201102212101000020012001021201011011110101012001121001021000222101000121112010102121221112002120000101120212120110020211101102111110111120000102101101102111111202221201002212112010112002121001221020121212210120121111100201012022002022111111012012212111211211102001102111121110111210220020221212202200202222102100102222011201111110111121021110120101202020121221210210100210102120111220002022112210210202211110222220111221020201200122
392 11110221101221121000001010011202222111112211110022122022210201102200101202101100121211020122111221012111221211101010002001001112012222121211111120110020112022021112001101102220212121221222121211122012201211022201210122211221222222212210111212221000102101221221220210212112110200112102212212122021000111001000101221100100210112012211002022121111200002010000000211112200211022110012012011121220102212220011120001022201110112120110211112002021112011100010120022202110012201120212221121110211221121102101210201011111200221201221121211021220101202102110211112011000210211221212001020122110110201201020010111102102122021211201211212121001201221101200002122222021122210112012111011001010022112202000121221200010100010021110111011211211202101020122112011022122110122121212121200220221212210221122200000210210
393 02111110212222001211002100110010212012220102012112110012010110212111222121111100121001122221201102012011102111200110010212111122112100101211111020000122212010011112101010001221222011220211201020022000221112011111110102102121202221002011111122120110022102202220210220111122220001111022222222102122101121010120201222210200221111001202102121122212012201110102011100011022201121202002011001122021212102110010011100021110200202112101121012101101212111011221020012001221200000221201111202112202100101011102202200112210222102102121122201210220111222210012021122001111011212122211210101122001000110012100212112011200221012200101011211212001112222202021112021121121211120111102102212112121001222112211212112211120201120010121221022121221211100011210112012201200212001201222202211110111210112201212020210210211
394 02110221202210021012112012101122121020111111011102101112200120112211210122220110110101121220112012001011202220101100010121010011022112011221000110011210222012020222001000011211002020121110201011210010111101002102101212110221121222021111022212220010012002221220201110211102221100221021211201112110012110211101210010211100220222011122121021121102221001100102010112222110211011101102111011022021101001121110010001021220100202110210221112002100101101201220210021011122011110220001210200110110210011111020201010101101200200102111011212021211202122202121122012111021210111122112111010121101121102011020110100102220122011212110111110122201112221101201011120110101112110112010202211200101112201221211111100122020111011010201220120221220121201000221012021112210201122122211211201220200212121211122020010211001
395 00010220202221120110201211122022211202220101021012012111110200102201211220211211121012210220201222112112112211202000100111102011212012021211110111101112011120011002001100000220101122110020110011112102210121002101110012011010000222201211010021211020002012222221200111212101201110011112101210101201002212011121000210121100221102102202012121221110212002220102021110112111110022202002012211122020211112001102010201022100221101212110121022101011210111100222100112202221111012220121210202110202001110112011102121212220212021002220012212212200211102111212122021122201210012000220111210012200110200110020102011202220112022120210012122022111201212102010011002221121112222212022101222100110011112110202221220221121002001010201202122222222011121010100200020111220110122222212211202001201001101211202021001210200
396 01121120202221122220112110012002100120202010101022121111100100012101101101100100021001110111210112022022122120002010010012011002212212021212111011100021010020010012101010012210212122221210212211021100211200002220201020121212100221011110020012200011221002220220202220102012222200001000211212111011001212110101211120200100210221102212112120122211210000000010210020111020211222102011001101021121200211101021111211211011121110221001211002102201212211101210011212001221111010220112210210000102201022112001211112001120212101001112012101121210110201102112222122111001211212112112220120111111020201211010002101122111221222121101222121012100212222012100102120211022122212102011112122100000011211102110100022221122201211020111202111222202002100001221202012000220210021222212220201221102122201221122111001211200
397 02120222102212222120111112201101211222101121210022102021110112002202111112210102201212210111222111121020111201201012002101021012212012110211110120100021011012011211002002100200212022221010120200212101210121001202010121101121000121001111211121200000212012220220211012102112210000001112111122002222002021000021102211001210221111001112021210221110110002121211110221222020201020202010000201222121202212210011102202212100211201110021121102001110210010101110010211102111002100010102101112110200002121211100201001101111202212111220022102111220001011201221211022220111211102211112112110011010110211112101102111112120111012200201211202221011102212022100022011111221111222012022111212100011011200201201222101221020210012111211102112211211111211120210112000001221010012222222110101102221212112000222200010210200
398 01101220002022201200101101021001020121111112021111111120100211102101102112121200120011202110210122112121101100110010110222211000102122122112220221000121202021112102102021221211211011121111201111121100100120011212011121211222112212102100010121201000202101110222211121102101120101112111222221112210112220010110100121102200120202012211102121220112211111121001010010121121112022202100011112210022101111121111110100022011102102110100221001001210211110001220120022112121211100120211110111121111102212001011110111011212202201000212122202222210102222102201211212102201212222201121121221002012000211022100101022102020221020210210122222012001122221111211022121121121110211102002121101101101002212202201212220110100101011000211201021222102121100101120101211110211001022112102110101212111122222101122000111220101
399 00110220101102200110000010012202222121100022120021101212121201112201110121210200021102221020101022112101101211102001011001021012002202012211100020111120202101212212112110201221112020221120200110102011210211012101020102200012102222002100121212201000001112121221222101012122211111112011210211102011101220010121101201221000021112102110222020222200221112011002011220112111200022212011010010002110001121221001022211022101210000120000221101001001222011202120111111101122002002121100221201220101202122210110121000211010211211111222122212112210211212102111222102110020100020200202201010122212021211012101211111122121112020111212212111022202202222021100002111021211212202112002212120000101120112212201102221122100212212120200211111221211102210000121221112212221210121222201112201222011221222121222110110220011
400 01110120212121011011212011211112210110220201111111212222100111012200201012210110011001220201202121100010201211110010021221001122012221012212100020000020211011011121102000102221001121220220211210212001001222001112111211210221000212111121111122221011001111220221111020112011211100021011212201112221021011011110100111210100222202012212021121112201222101110112021021012020111111102001011021121021212200010111021001122120111202210000111001012001121101111220111121012122111200020202110201020110200112212020202000101111211210202221012211220120102202101120212012122012210011021121211120111102112101111120112102021121012012210211111022122101022221222210010120121020112202012011001021112110112012012201102211211021120120120212111020122210220110000211202011210120200022222221210102121200202211101021020102211100
401 12111120102211012011212012121001200110211101021022101102110112111001110112111202011010012210112112021012102220001100022102012011102212121201110212010121111110121102002001002210212112121111201100102012210222102202012000110101120222011000102012112010002202221120222201112212202101121102221200112121002101000212100221110221022122012201120221211102211111121002200220222120210011201010001011121110212212211111010111122220110101101101022102001010110210200010111121122112001001110201120211020212212221101011112001001221101211111111221201112220000202212011122122112110001002110121120110012102221101122110101121122101111012210101222121122122101020012110012121221110122202112002102202100110111110110210210211110010010111020200210022220220110100110011102010212220200012212222210220221011112112201121120110221210
402 00212220111221020011222210010022210111011022112211112001120201102200201121220200121001120121222112021212110201211101000122011020122202002200221021000010212111021102002111101222201012222001100110221102111221012210120101100122112210012001000012201010002002211222210211212112211012200012221102202020001110000011100211212010120102101212222211121101210101011001012110122120211021102002010001011112201212210110010001022110210111121110102002121201112001102211121111202120011201021212210201020100202012121101201000101111212221122212122211011201022122102101222111212100200220222222211120021100022211011011112112022111122121101020112021112011221121002001111101221112222202101012102120111101021212102200210122011022010201021212111121222222102210001121212121111100011022200212201201100000112221111121001212120111
403 01000221102211121010221212110002111101100212011021111011210210100200200022110101011101120121221112121212012201121001002122000021112112010111101021110120110121021102001022212220102212012110210111102101121221011102020112221001001211012101001121210110111002120211202200002012120100002001121212112010001120221011001221212210220101101202021111222201211102010202021011022011211112102001001101112211221012110120011001002200221100021101110002110022122000201120010021011112102200210221210201111102221202112201111102201212201210211110122212111222201002102101122022120112120121222202120110122110110210011111212011102100111211211220122122212110212102011011012111211110202221102012211122110201111121102102210211210211201110120210122022212022111110120120212020101111101122221111220101210210212110201221010111122200
404 01010220202222121102112120101211220121202012021121111101120210012201101021200100221002022210121112111201111110101021001012012002002111012112221020110221011111010202111010111222101021211020220201112001120212011101100011211111201222001101021102211000212002120210202122102102120000121011111221202111001120000111100221210210111002112212211002222211211012020111101121122020200022212111001010011200001100220000022112111110220100120000210102001001112000212120111012211111010101221202221221121102201021212101201000100122212121012221021221221221220211212111222021120011100110220212100110022101120220112101002111012111222111201122122021022101221112001100112120221210111212201002212110201001222112111200112221112210100101110101222121220101211210020221222222112210201012222211121201222110211211211222200122211211
405 00011222211221211200012020011021002202101021211121122110120110202210110011210101120101012120122112002112202201202100101022121102111102002201011120011021202011121112202110100221212101021120100111012000120122010210011002202022212212102011110122110110011102121221201211122111111200212001122211110120011111011111201122212200210200102201100111212201112001021111110000022120201020212010011111120210212212210110121201112210110102011101112102112110111000101211022112002120100100220200211200010202211011101001212010011221202211101201001212122220011212100122122022112010201101211011201211022002110110201110212121012220221011222111221121002122202211022100002120122021211121002001102112011100001222200010101111211020202211020111121020222122211120101220102022201210100021211212200102220110112120211122110110222211
406 01120120022121020010010011011002111210111101112122111101200211001101110112201100020100121220221221101021210102101100111022100022112112122101100011001121111020012100012102221120102222110200211101112110211212012201000002110121011122102011010112220010002111212121111211211022202210011001211211202201002110022021210221112100121222011202221220122201120021121100010121211111201011210001021020122001102111210211122211121111220101120111221012101101002111100220002220002020101201121202210201010101201120122000101000111221111101111011122202221111111212100011211002012201210211201221222000121100021210212101201120211110222021220111111121011100211111112120212211121110121112111100212211000100122212110211121122122120121200220210211112211122111100001211111221100110110012102201101201211201212212111222020200221201
407 01010211122111110010001000001102111221120101012111111101210221102202111022211201021101110210222121112111201111101111001211010022101212122002200021011221112021021112012101211220202112220100121101111102020221021210110012011211011100101110020121110111102101200212212110100112212100111001122221212120001211001010110221222200122212010112221221122200110002110000101111222111212011201202022021121111102212110000022002222210210101120010221002101200102212102210100120101111101102111211220200000102212121221010200001002212211011102111222112120222201202101012002022111111111121200122121110012101111210221111201121112010212012202111022121121100222111002211202120221120222102102012212122200101012121101200122201122010100102220200121112221022122110010100101111111201100022202210211201210211222221111122000210221201
408 00121210201112010100112011002102022112200112112011010202220100202210200022120200121102111221122112012211212210200110111011111122022222010200210210010220100012101111011111121220002121220211220101112101220112120110110022211222201122101121101121222010011102121221211111102202211210000002121121012220112120011201201212110210222011111222112221221121010022010012020121211211211112102022021011022011221202201010020112222111210101120100210002001110121110201120011112102202011211120100111111120102210002211121211000001122201211100101222222220221010012102220102022021022210221212212111111001010011212112120101010002220122011112120222221021001202212211210011211021221221211022121101111201110101012101100111221111022200121121200211010221122112111000111212011101220120012112211212200221211212211221121010221220110
409 01011220112211120021110120110101111212112012112020122102120120002210111012210100211101120121212211102211201220111110012220111122112102021101120121110210201020111112102011101220212212121210121111122101110210012211010002202011001121122120010211211011002002211221221100212101100100102100201122210020100221010101010102210010221212010211220121221201221001020001200010222010110122211101010100022020211111110101010101121210101000121110210002002110221001101021211111202112110000110101220101100201202111221000112120101220210111201210111212120200101122212201122122121012200011201211111011112102011200012100202001102020112021220200101122012101212201111121112110220110212221221001212222001110112022112202200111211010110211010201021120022021211121121220102012202211101022122122222221212210121211101222100220121111
410 02010122101112222020102021110102220221110101222111111112201211102202121112200101200001111121122012122011101101212102020101020022112001121202100121000012012121121102111012111220201022221121011110212111111212002221020012210111000221012201120110201110102101120221121110102211221000011102111122002012010122020001201020212200212212110102111110221101201101110201121101122010200111101001021010121201110002201000111202122200220000111011210102001001212000011200010112122222002210200111120212111101102200212100212101201121102110211110022111210111002112101211222112022111211021121212121010011001110211211001012211101010211021211101112112212010202210122210122100021021221211112022102122201010012210210110112211021021122112110200212122211221111012010211112110200220001021222211221212212200212202111221011120202221
411 01020221102121020112001001010112002221102112022001102220020201102101201022220200002000120220111102020112011220210110010111010021012012122211210011211012201121011102002001121121100021221101100000101201121110022211110112200220202212102012120112211110002101110221212200112102222000001112212211021211102111001112111222211210211112012211021220021110121112010011010111222110222120201001010020012020110101120101020101121102220102220100120102002022211212101220121121112222201101102112210102101201211121211000202010201000220211001221021211220210201122101202202212202121210112212211021001101021110101022000102011112111021021221001112122122102221202010010012100022110222202111012211120101000100212200201112210211011210021020202112112221222200120011111222011111210111121212201210200112201222221102222011120221100
412 02201220112122110011002020211102200112211012011120220101121210011200110121211101021001111221212122011212002100202101002012022022002110010201110020121121002110111202122020200210202110221120111211112110201221011001120102111021212222101101111021211110011001112221211201002122110000112012110110101122002210011110101222202200111102112111122111121200201012010211111110112120101022212011101122020100100121111110121002022210211201120110221002102011212111012120122111001221100101120202210211210001002111221100222102000110200110012221022211212220110101102011221122011102121102211212210021012001221211122200112121012121110022101101221021022102222122002101012220121020212202212002202122010101121112201201212111111121221111021201101121211210210100010220112112212101101022212221221200211201111212210122110011210201
413 02102112102211221101102111011012220221121102110112011121220220011200212212200102020001021120212102102111221211112021021202011012002212012201201121012120202210021102102102202220202122121101210102012000111121002202000211111210200212112120110021111001002102112211201210201011111202012101211202111211002110020121101221111110111220001212022020222202022002120100111010112020112022112111010020021120101121210110021011212211220212111020222101002210210210201120010220102111111202121212220211110000220020220101201000011212201111212120022212120120202111101110122012022110220201222122121220102011120201012011202022122012211122211201111121122111222222021200011111211021112202122012101211111000112201122020101010021020121121020101220121212212102110110220212022111020120012211210120211222001121201210222010200211200
414 02121221202122020011120111111211122211112201112012121022121211102201210112220200021012121020122212012011221120211022111012011022112212022222111010110021221021112222001101012222101122222101221100112011200220011100100021110200201212112011011122221110002002211222212210112112111100102202212102121110001221010001011222210110201211001211022221211020222112020020010220022210201111112102021021012021101101010010020102122100221201121100221112002011212221202120121012102211011110011112220101210101122021101000200110111212221200102221012212120211100212111211212102210010111101111122011121112110120100221111000001202111222111210110110202222112211202001100012101220020221220100000102211001000011012200101211221211122200111021101112121211112212210121221222111210220211012112201210100110211221211221222020100222210
415 00100221202111120102221110010011101210222102101122201110210201200112100111111201110002221221222212202011202221002120011112001011222212011212100211010000012111112101102011011210102221220100100010221011201111022101000011211200002122112112121121220010102012110222212110002211222001111000220212022011002011022112110110200100220112112212121112220121211012121002111020122020200121202001001201021120202200012122010012111100101102201010210002002112212111100220011120102212201202001222120201110201111101112000101112111111201211202121022212221210111212212122112010101112201112210111121112122111110211111001101002102221221010120011211212012102101212001111011011120111120122102020202221001201102011201202111221012220101111020101101001221222110010001210122020110210010112122211211202122102202211211112020200221220
416 01001220202101122012111121010122220221200122012010110012211110102201212122221201020002111120112012111001101201112011111212111122201102112102200021010122211021021112112002020120012001222020111121112201221001010122000102212012020221002111111112221010002002211221210111102111110001122211121122110121002021001012111210112100212211100212201111121211201122110101000110122020111021112102110020222010102001101111021201111111220111221101120102011022222200102110010012101222001001110102210201020201101211221001212111110110000211002220022201220220101102111101212012022011100221211222112020112012111002202000102001021122221011211200111022122200022221002210102110221010222202100011212122100000121012210100101212201012200110020202111121022212200201221110212120110111111112221110221101112210111201221121010110201100
417 11010210102102122001022011021102101221111002012022010211120211102101112102110001001001210221212022022111101120011001001211001112112212122202110021100121101010222011002101002120212201121200202100012112110111101211011102110111210201011221212111221000102101221210221200102212112100112012220211111220111212101212201122210110220012102201120101022212211102011001001220122020222011202110001111120020201212210101011101112120210001111101222002202011221111101121122112212112100001020101220200120201211111110101212112000121202221102221121212100120111212202102212212222110201112201221021110122002222202122110112120012120022012210201222022102100111101022200012020111010112211002002211012100100100120211211111211112111100111020210111011211022121110022121221001111201201022222222221101221111111101110222010111222211
418 10201220112121222101210100020002210112201101120011100212110210202201100111101110122002000121221222022022100100101010011122012002112212122202211220001021101011010010102201001220112120220020001012101000221221022211121102210101112201022110211012220010001002210010211210102102220200002110222202111102002220120221000202202101210202202202011102121111010212110112121210021120201111201211012121111120200111211121100212022110220200022001222002011220121100112220121022012120001100012201010201000201201020122102112202100211102110102110022202010220212201001111121102221111202110222102111022010012120200121101210212112111222121121001122021111011122221012201002222222020022222102012012121000101022211202212211021102120110100020101011022221222110210110011222021000110101012122221210101101201211210102101100110212210
419 11011200102121011101112011010221210122211120101100111111100110102220202120111100111011221210121202112011101011220210010122120022122121011201102120100110201121020102111110010220212012120210010112021000220211112212111100101122112212010011112012010110012002112221201120202021221001101001212202112111012111110212000112111010221111012102022011111201121122110201110210122101212010102101011101021021101102200000110101112100201101121021111011000002202201112221010001002221001010011200120210202101110001121102201100011200112202202021011211221220100202101200112102122200122202220211020111122001000111011010202012210220112112110100120112112021202211012111122111021112221222101002212211111001110102100101211110112021200001110202111021221221211210110120122022211201020112221212210221211111221022211112011110220210
420 20001121102222022110202021000012020222120102020021101021121112202201011222210202100001112220211001012021211200112002020202120012012222011212201120100010202022111111002102210210112011211110010110112101211121102201010022100121011222002101110221100010002012111210210211101212112101002002212221111112001121021022100212111000212221212211212111211202111121021202012210221010211120101112001111122120100201120011000102122111200101102001102011001020102010212110210012102122011100220000211220120101110101101001212002000200201102112122122202210200111212201211122022210122210102222222220011011000110010102010222011111221122001221101022121122110211111112110202121222020111202012020222021101010011111202201222212221211112222021200211120221222100120110221121001100200211121211101211101211201121212101222110120111210
421 02112121112222121210112100110101011111100002122121020012210211202211201111111000121011100210100212112010201201222010010122222010202212021211111110111020112021120001001021000112212110221200102011221001211121002211100111110222111222102002220121200000012001111221211220201210211200101001221211112120011110010011200212222200111201012201121211222211200112110002021112121122212120202112011112122111201102120121010111022020100102220011221002101110202111011221021011101221210100020212210101111211201102210010100001121122202201011220112201212101101102111112122112022202221221201022111010012100011210221111212022212021222011111211011221112102212122122000011020111220221211112001101122100100111111211000112222121210111121000212211000221211110110011210200002012200100022101202210101201102101211220122010010221201
422 11110221012221101011112022010002211110112012021111000101120201012201211021110200021100010221210011121000010120101101000021000122112122121201111210101112101021121021001000202220111021120221100012102110122111022212210212211122102011002110121012200001101112221121111201112202212201001001222201212122000210101111210221202100111111012202002121121101102102000001110011112020222121110021110010111121220002210111121111121111200102121100220101002010221200100120111211102120001010111201211201000200210222121010202120102200110121001011021210220210112222212112222102112110201212211112110010101100011200201001201011012120122021220110101010012000211212011010002200011002222111111012210221110100021212201112210212101011020121020202211022221222100000000121221120100110210011222100112201121112112210102212100110220101
423 11221100212211121010112110021122020111212110202011200212020120111210221021200101111112011210221111011000102120212110020122211012121212001202120121011210200012221002001012002220111112120010210010102201111222002112110001110221100222002201120001201110001001210220121020102112200200102000112222211112012201010200100121202111210020111201011121222102221012020002001211210110201111212102011010122121210102111011001002020201211101010011221001101210202110201121110221102021111210120101120202110102201012210101001101110212211111002211222202100222002001202110122121221112201011120201111121112010120011012020211012112121111021222120122120022011210212202210011110022221001212101022112222001000120112100201222120220021120121220202211010221122110221000121211021201210122022221202222111201011211211120222020110221120
424 02010221012222110100211011022121110221101111020112120100110101102201200201111201122102011220111112001022112210211000120210021120021122002201210221220011102021112202112000212221012012210120110211112120210121020210200100111022002221102121210112200010111101221222221211002202121110202102111112021120011120010110100111211100211112101211211111121002210001000101012120211011202112202011012112011210102001212011120101122210210001201111221022001210210000102020100012001221011100212210210210100211111011210000211100012212201221001222011212120211212212102110021121110102222011200122210101022001001111022011212122111111011012110110121011012002211111011110112122220210222201012012112022100100111111200201111122221020101110020200120010222222012210010120201012111211110022011222211201221111112211211212000011220101
425 10120220221221121010212001002002010212201020111021100111121110002210221222100112021001012220221012012012101221201010110112211111001111011001211110101211200011112002012010101220101011110110211101212111020212001101000201001112001222101211020112211011012012120221110112101202111200012102102221202111100211020211101122110110220012111201121011211100220102121101000212222220200120201011012010120012011102111101020202112110211110000001201002212101102111101121221121102221000211210101210201221101111111210102111201010120111211102211211211212120100011002211211001221111212110201211010012022210011122102000212022122221111022222221122022122011122222212020002120112120222202202012202111102000122220101101122221220122111021120201222111221220212010111020112002200110201112101122222201111011212011100212111211210101
426 01101110122021221000111101220102211220210111000020200222211201202201200222220011011002111121211221111011011210111110001111110002112112102120110112100021211022122112122011010211212001221000110211112111210212102112020111201002101212101001020022211010002102211122211120102211122100011112212201112011100220002110102201211200210112111212011021222202111112220100111110212021220021202112201011012022121102210101001101022100220102200010120012101200202110002121010122102121001100210101111012122200200020210101111110110100210111202212202212111111111221211211122121021121221201111012001111122111111112111001222111211211011021201210122112202100202210112010002011120120222111112102202112201100212121221102110121210011112112020200021121221022101220011110112120202101100121221101220100221211102212210022010212212211
427 11211110211212022010221101010012120201211002211121100111221111201210220222201210121001122210222111021112002211101021011111101011101222011101120220000011101001011001122011001221101011210101210012212001210222021212110210210101111210012101110020220120121002220121122210102102211101012110222120112001012211011101110121101210111101121122111011221002220112110102010110221110211111201001000101021120211102111010021202011101100101011001122001111100210200101020021222212220001200121101211202110102201121210101111110020221202221102011121212201211011201102100221020112120112101211111220201121020120101002110211112012220022021021121122021022011212112102020122021112220012212202002211212000100012211111102212121121012010211021111222110222220220120110120212021111110102002210212221202111112102102111122020101212200
428 01101221202121121110021010022011100101211111100122110202210200102111011220200101020002111111220112121000212210102110121111001012212212011201110011100020011022001001102001011210102022221111221120111101220211001201101111112001111222102010000212212200002002021220212120202102211200001011211222211011001111021020010120211000202002102202012222122202212010000101221110120120222212202012021210121110212201100110100112112200121201122120222002012212222000101220112212101122101101220222110201100202112122122002201101001121201210101122022102221210111220202101221121011001210111202211111010110101010211120012101111211122222112111101021220112110211211112220002010120020221211122120222022110210022120112211201222201021110121110111211112222222110000001221212001200210201012012220220202212012201202111222021202211111
429 21110221202211021201101021020002120210112001111221001121120221120111201221110110121001012210220222112120200112202010020112112011121112111212110221101120210110111101101210021221102122110111100101122020220122002212020211210110111211101211111222120010002111121221211210202112201000102102111121002021002222010212200211211202221202221201012012220112221022000002000010202220200101212102000110021110222102121011000201011110121201121010221001011121212100112121221221002110101102201101110101120202202102202001102122202021201200012220222202111210202112102200211112122100100111121201110020122101121210222110112202111021010012122121111011002102212200201000201120221122101212101001212221100001102202121221211211121110102100110111221012222220111110011111102020202220200111112211212101121012202212211012021111221211
430 11120212212212022100211002012212220222101112000001012010211111002211101211020101112001110220211202202020101120102120011122122011021112021202011220210111002111021102222111121221212011120210110101111011220010002101111020110211111212122021211121221110011102111221211121002122120011202111202112122111011221110220000010101110221212012012221010211111211210010211111110222110122020102111102110001121211101201100111002121100201101110121212002011120211111102222110021002121012101111212220210110102201022020111210100010110201211111022112111110221111222102110212012121111222111212222102011022000000121022101012112100221012101200001212022102111201222121011122211121112222211102011112121110101121121200202111100111021101000011201211010222221112120100121202002220221220122222121221202211100121021210222010010220210
431 01101220112200111020111111011212110100112111211111100012220112001201202222200200012000021111221122111102101102212111001011122021122202011201210221011211102010021002012110211120211121222010200011012100110111001200120021201122111210001110111021211002012012211221020120211122011111100012221201211011001211001110200211112100121111101202122111112112111000110101011012121210211021111102000010022002202112010010011112021210210111021100201012111001101101101011121022201212010201222211100212120100111021211100101102101201202210111121112211122221011112002211222010210211200111210212120110120101000111112011212011022210221020111000111002122111212122112100102111120121222211222012102222101100022012101111110221011021210112020211211122222222102120012122101120101200111101101211222202100110222211211122011102210110
432 00110121102111100010012010021002011221200001121112111000211110112111200212110100122000011121220221112121201210212020010212011122001220110111110121211010112021121002101001101120212110221220210011111010220211012102111112100121000210012010221012211011010102111222211111201212211200012012221222111021011110011111010211200201221122112221101120112101201001000100200021212022100010211011012110021011202212111100010101212110220100210011122002000100012011202120102212111220201100201201120200010101200210012101202100101211001201002101112212121122100102111001110111201111210101211222120110012011021202222121020121001110121022210210221121120022212111002100012021220021222012111001202121200100012112201200200112200020212101020210111021221222122111000211020111210211200022211201121100011110212210220212001211210101
433 01000121001220021020111121011012200111102011021010011102200110001100112112111200220101221220121122101011201111002110121021100021122212021211011120001010102020020111002100111220102121120100211102011121121021001112200102111221221222112202021112120020112002222120211210212112111201012111211202112101002120101112220211202000211212002122222120221101121011000102110111221110221011210111012120121010110002110120011111020111221001111121221112112101202200200121221120112120002001111202200101110101200122112002211120101101001210202110122210120120110222202022212002222111211111212211110010021001010101102100200011012201222120220101121121011111221211012110102210011000221121111001102220201101012221220122121010111122111111110201212122220221101101001221222100001100201111112202101201221112212101212112110121222111
434 01201221112121012010210022012011110211100011010122210201111111102000110112121200121102100120122212112120102210201011012112120222101101001201200200100110211021121122112100101220202120021220210122212020200111011201111122020222001201001111012222112100101212121120211111202102221110102002211222112020112112122111201210212101221202201221111122022200222002010101010001211021101011202011001100021110112202211110010102122110120102122110121001101101211000201120101022001121101201011102120210020101101011122010212001000110201212111210202201221221112202200001011101101111202111121221120000011011211211112021011121001221212021221110212112121122222211112010001020221022122021102002202211110010012111002201110111220021111122020210211012121122012111000210121012110111101002212212221101112120111210111212021211211201
435 11010221211111211011112011110111211212211111011111200112221212200200220122210201121002221221211211001000211020212010110120100002202201222201110022000122122110021112201002110220202021220120021011101102110112011101110102210112102211002110002112200100222200101221211110002001211000102002221111111220010102021010000220111110100102101210102121110202202111000101010211122120201021201200121001012011010111121100022201110111110001112011221202001110211210201120011012021122001010211221120201120211221211220210102110112222201211002211122212120212211212002001121222122220211210221221120020202101222111112100102102211010122120211120012111122001112212011202001121221211220211022002112221110101012112201111221220211022221211110202221011220112211020111020111110102020210012121212201201222111202211222022020111111100
436 12000120112202220100200111012022120211221212110012111111210211002200211220221201121001021221112212212101001210212110010122201021002101011212120120011110101100122200002001000221201121210011220121102101211212002211011102201212112221111110020122202011012112121220211111212002120200121122102211111111010211012120200110222110210002101202112020111210222102220101010020211020201021101112110100021122211112110011021001122200221011200000122112101001100201200220110022202111011000122022220201110202221222201000201201102100202221002121021201211221112102102111022012022020221111210211111220002101111100201010102012112121202022211220011112022111211212111110201011210011212212102102212122100010102112020101210220112122022011120121100221122222212120122120221021001210211022221211201201112110022012011202120102210200
437 11111221201211121111202201021001020111220112112121210011110202101202001212112101120011101120201211011010202210101020010122101012211122012212120010001021002020021011002021010101211002220010200001111210111222001212100212110112022221101101200111210020102011020220211110202200201201112011122212112111112210101010100011211200221201012202112110111110201211210212102110211120211021202111000211021122201212120221000111022110101101021100211012101120212110111120001022101122111100111112110210120212211111121100200011210212202201001122022101201220101201111102112102022102221212201022121021111000101210012010202011212120122111201200111221102012212101022100021110121110211201222002122112102101011121110201111220220111010111011112111021221111111220011120211212012210102022201211201102202110221222211122020201111202
438 10101211112220121110122011101102122210201102112011111212201200202221201122220210021002100220212211002211202201201002020001012122122202011101210221110210210021111110002111022211012112210211100021221001211221112212110112200122212212012210011112220020001102201221222121202202211110012002121112011211010210101100101211111100222222001222002122221121111021110021020110101211210111002022112010122110222112111010020102121120211101112000221001101101102010211120122122102111012100020201110101110212122011222011200000101222201210100111122212011221221212012110112121101021200211211222111121011011120112012120111011212210122121222120211222110022222212112210112100121111222222012001201010101100011012111110110122210021110021121202221010222122122212000120222011201220100012211200220201221101112212220122120221210010
439 01200220202211121000212020021112101111111011122221110021120212100200202020101101122012212120221221011111211210111100102211021012212121011202001222101110001021020112001000000211212121220120110211202001021220012122110212102111021212012000120111121100002102121122211100101002212110111011021211201221011121100110000210212100221111121212121022220100201012120102010222122111111021202111011111012110000120121120111202122010100101221210210012022111122211111220101121201211111211110111210201111201200211212101001001102201211200102221122202020221212102112101011202211111210212121222121121211101111200211100112201012221212111112122121011122010112212012101112220201120222112100012212102011102011011202211102111120020110010021211112021222221211210121221122000201210122112201111111201120000210210111011000110222112
440 10000220121201122000121120011111201220122011112021011002200210002201211021211202020102111121122200010101122101212120200111110022112122110221200121001122102012101011102002002220112111220110121022212012112212002201112021212111121122111110110012100211102101122220212211102101112101112102222111110110010011020011211111101011221211101101022021122112222011010101010110121220101111112001000010021010110112101010111200122110221101020020221012112001102010102100121012102221110111111222121201011201201221210100101200110210101211202221122211011120102212002010122002002211211011210212111210102111001202112021112022012100212022212111112212122100202212122110002110110020210212112111102122011200022222021200111220201121011220020111211020122121101220011200211210201121101022121210110200222102222121220222101112110111
441 00010221212112121200101111021002100211201112101110100222111110111200200211110001011002101120211202101021201211112020010012111111011012112102110010021021210111112221112010121221112011221011120111111121220112002211011012101121102211012111100222220100002011101221222210202112210000011102002202101121001220011221200202221001221102112211021111222211211112110110010021222120201011112211001010111011112102210112000101021100221102211111121001001021211200102120020212102020001001100012200112210201102111221101202202111210200111111221122201110220201112102111112011021010210202200112111010222200021212022210112211101121010022112220112102102100222211102010111210220010212222111101222221211100212111120112111221111122101001120111222012122222000220010110101001111111200110212212210001111201212202210122120101221211
442 01110210122121122100112110111101201120210111010011110202100111102200212122210101011111100120112122002021012201211000220122211112111101110110110111000221001121120001202010011211102020121100100111222020220112021111100212101120101212002101121002120000012102100211212221102102212200011101112202102020010022011201201221221211221202111221012111122102111111020211010010120102211020111111102211122220001102110111010001122210000201121000111122102100022110010220011020012022001001121111111102111212212111121110202000211111200211100210121211211220201121001111112101111112110102120112220201012100120201022100211212000220222001212020221112111010201211011110121020120220222100211110112221111100112221121102112120221010201110010102121121210221010110112120102020202210210021201211121210221121101221100012020211210210
443 11112221101121212000101000000022111201112002121110111220110121222220110112111200120202111220222122012111201211100110000012022001222202112201000121002121102120011121102201011221222111120120100122112020121211001200000102101022112212112020221002020010002112220121211222212111210200101001120111122011000211002111101112212100210211101212112122111211201201011111221110121120212011202101021122110020101122120121021111022110121101101000212002001010021100101210122122002121100000112101120201200201200112211111212112002211202121101120222212021220101101101111122012221120202101221002211111011002020220110000011022100020221121212000121012111202222211122000012111211120111222202012002212002101001122111121211121102111211111020101010122222222100220200110212022201120100112111221210202210101211200111112020202221200
444 01111220111221022121111111001012110011202011121111001112220110001210111111210200011101122221101222010021201211002100021011100022122212021221011121111110101120020011002001111220002111120200111102101121121021012112010112111221201222202112111022120010002102211121210221202212221101011011211201112101002120101012200102202100221212002122012122220201120111102112100211221011202011000110012010022020221001000020110011020101211001011121221112012011112100101120122122002220002101110202110100011101201122111000211021200012001200202110022201120111211122202011112012021111211212211222111010021100010101102011210102102211122121221211211110011101211211001121102210211101221121112020202221201201112212221211211111222122101111110210212121222221121100001221112010101110100122112212101201221102212101212122010112222101
445 11222210221210021011102111011001011210220122002021111011010221001211200022211202021000121121222102120000200220202110020022012022111211121111100111021012102010020012002021001210211001121220101120112000021102001211010101000122022221101001120120221010002112111221200210200210111210012010122201122011021000101110100121211110021200012212122021202201221002110202122121212120202021001021000000021110101212220120011222022210210100220110102102201001222100112121112021102020210200221112121211101102210120122101221102110211211210202221121212220120102001211001201102120021220101212212120220111100212000112100202100122211122122101210222020002111222122112002011210120221211121212011202222210100122112201111002211120022010211021102121022011122202020010020000021002220201122220211210102201111102212110122010102111200
446 01100122112012221010101011021022020212111212011210220011110221112000111222220211022011121120212122111122102211111001000122110012022222111102220122010121202011011002101012110110000020111021100111212001101021021102121011110021112202002221111100101010202001211222211110100211221001101002012222012112022212001101100202201210121102112112002022121001211021011101110120111220102022202101011111121021211111011101000200021110211002121200212002101111221101012120121022012121110200211212120211110001201111011000221200001111221202100112212212222110102122201200211012101100201222111222220022001221000201022100212121012010121020211121122122022002121221201121112022222220211212012001222112001000001112112201200220211010210100010101212120222122111020110011001022201211101012222202210201112112111222212121111121121201
447 02011121112122212120201010110101211112100011021021100121210100102201211202111210122011102220120121002121200012201010110212111022102111012211101110100120112010111012012020111220112012211010102101021211011212101111100112201122012122202101220122111010002112120222201110102101121200021111212221212121101221020211000121111100221201102202121101222201200111110202000011112222201021212100010111011022012102200212120101121110102101010000221002012111102010101221111001002021012101010210210221211111101202211101102112011121101212102210112100112220200212002212222112101212211221201111100121012200010210111200012011111021211012121202112222012001112111122110012221111120211211012002201212101100111220100001112221220211100120020201210012212111011201011120111110111100201122111212211211221122221102101112011111210200
448 02011112112221020111111012011102021220020011001011112210210220002202111221211200021011020120212121101111210001211100010022001022012001022112100120120020112020012102021101002120202012111010121102012001120111001211010122100112000110002101111122111101002101221222112110111102111100011102221221202010101220021011110220222210210222010202212120222212222002020101100122202011102120121102121001121011002222110200021021121110200201120002121012002122112121112121002110101011100101121101120200001201101021212101201101100220201202011221022212120211101102000111122022022111220111201222112000022100112200222121101110012122222011201100111020111001122122002010101121222120122202101021212011010101011112100100111222112120111210120112101112120022022110010211011012211210110022112211211110201110211222210222010111211210
449 12010220201210110010111111201111111222212011122010111112221222111200221022210200121011111110221211111112200111211121001121101012212202122201021022010220210010012112102002012220202112121120110101101121120222001121111112111111001212112101012212200111011002111221212210001202220000201102211222110010000121000111000211221200220210011210211021211212201001021101110212221220202022201101122100022010110112200201021101111211210000201100211002001020222001201020010111111010011011111002220102010101222110221001102120111210212210002221122211111221110112101102121222021111210011210210121020112002110201112110102102212120122010220221102021012011112222111100011120221120222221211012102221111100012112201201112102111021121110100201111020121022111120011221111101202121200112121101120101222211212211121202000211212211
450 01110211012122111110221101000002111211112012121121000001120210101201201122211200021100011211221110020011201211102011000210001021012212020001100011111012101111011001112001111120201021210200110011112000211121022201220112210212102212012100212122210010001001121122102211112202221001012110222201112011002111011111110212201210112102121122111011121101010111000002021011222111212020201000110120021111220102221012000101222110211101121000211001002010211201112220111222112220001101111101210102000201201221212111102010201111201221211111021111220120202212202201122112112210101201212122120000112012100212112010202112002111120020221021212121121011212121001200111121101120112211202012110122001100111222212100221210111102101020020211212122222122100120010121212020001100100022222212211201120102112211002121000110211100
451 12011222000222021102102011001102200102021212021012110022210120001201112122211101121012011010202121011011201212211120101221121111212112102221101020110011111011121122000002101200101012221210111001212111101221011202120102101121122201112211121222110112102102121120211110201201212111111102011220112011010100110121210201101200211221102211120210121211121111111102111121021110202020102101110011122021001201100000122112022110220201121101210001001020101111001121021002211111012110120112022110110210102111212101202020001200211221122211120212220212101212210212112122001111211102211212121020011000121210122111202112212221122012210201221121102001202211111101111111220122222221112021212211000000011112111200201220202021201110110210211021222222101110120120121101200221200112221201210100210001112212211221001120201200
452 00101111002022121110211000121101211100212111011011102110200112201201100011210202201101222212111101100011200102100020000011102002102122121200101221000021011120021102102011000101202210220110110011122111110111112222110020110222111222012001100120200110101002121221221110102122202000222011210212021011002222011111201211200110220102202201221021211122210001210001111110122120202110202101002211100210200111011111000102122110001102210100200002011101201001110220000121112122102111111221021120210201100001111110202000212211201112011120222202222220101211121211222121022102210012211201121121122101010202111100211121112110121020020110122121122000102212002000011120221110121201012012212201102101011102220202200121101121101210001101211010220222101100020220112101201200121122222221210201122000212200020011011110220211
453 01000220012100121201121110010102121201211102021011110202000121121201101012110201111002110211222212011122210010202000012102001101212121022101111110000021202021021001202201211221002011220010220111121001120221022200210022120111000211012110002102211011012102111222211110002011222200012201222212112121101112120121101210212010211202110212011021122202010111100101010111122001202222101212012010122211211121122010011012122000110101021001222012010100111100102120020022112022010202022202120200110100201110112102212000211112102210112111122102011220201212002010102122211112101111122212121122121012010100212211111101111211211112112101022121122110111212002100022121222220122221201002012111001200001222202200121112122010121101020201101021222222102020210121211121000120101122101112211101212212202111210220000221201220
454 11200121121221020010021012021201121101221102101120210200120220021000111221211210010112111120211222111012101211212001011111110022102222011201210110010111111021020101011001200120001211211120110121102011112122012101120012011121011202102221111020121010112002212121121110201011201100110002102212112121000121120020100211112101222201111221221021112201201011010102000021210020212021112000011210011111211201120101021000122100221201210210221002212001211102120000122022001222110201111112110211000102000111100000112102201210210111111222220202222121002212101110122122122100212102220212120010110201000210112010102021112210221020121000211012022012222221102110101121221121112201112102102122101110011112111101211211220111112111020001112020121122101020021111200110202201201012222222111202202120211212202122121112221200
455 02110111212111020110111001011011110220101001210221010211220011001110211020001201101002121110210211100010202111212210010111101122112222011222210020110211212112020101201012211220012122210010210101101201112111011111021111010210102212111111112122210000102002210221222111002012110200102001221212112122002210111011100221222101210111022211020222221201202022112112010221221120202102212201002110121121121201110122000101120100210001011120222012012211112101000221220221002121011210020101120201110202202010111100102100001112101110002121112211110222000001100110122111111112211122210222011120020110020112111011201001201222121121111120121011212000212201212110112100020020121211101022102221111101121101000202211210121011011020210212221022211221111110101221102011211211101022111212212200211110210121001212020001210112
456 01201220102120102120121021021101121221112111211112001112220111011211102121212200220002122220111212112120202201002000010221110012102222001222121020001010111010012222001000002221211022120011211011112001200211101210010121110112012222002011100122100020112011121222211100002101201101022101200222002120102120021110101111001200121221112201021011122212211011020002101121122120212111200002010121121122210202120021120101000010211212011010211011102010202110101222121021111221110111101112210111110211211111121101212100111221201122111211021222210200201212201101121122121012101111201012220120202002010120112011222122021121221012120101112122212211221122011010122020221221121201111001111221102201011212111202210111012101011002020202222011111221010100010221111000201210010021212222221102111102212212100122011101221200
457 01011221202121111010021010112111211221221112111111020111120201202211111122120101022001122220211111112110201202202000021112101021102212012210101120110111101010110022102000121211211011220100100200110101111221112211001202101022202102112211211022210100112002222221221220212202221110022102222201021220000121110111201211121200221122012102012012020212010011000111010010022111210012101111111020221000222112110010012102211120110202222201212101001002102011212111021121101111001001120211120211111201102220221012211101011202201101102221121202121220112212222000211122001000201112202201210010022002110001111011201012112021222222121011122211111002122211011001102010120111212211102001211121100110012122101200221221200120111111020112222020222222111221112020212021201111110011221212022201221110102221120222110220200200
458 12101210102211220001000100021102121202201211122202110111210110002201101122200202111002011210222222111101100211112200012001002002111121201222211121000020102021022011102010101120200121221110110122002100200222211012010111111122121122102001000122111110002012120121210221001101221100201100121221202012002121000112200212100101220011112211120122112112201112121011211212122020201022212201021201020022211100211111020202121101222200112200211002212011111001211122121020011111002001110101100201100101101202220002212111101111201210002121222202221210102212211210021022220102101212122221110012021111120211122010012000112010201111102110222112222111111221101000012000220011122202102022222212012001012200212212220112211022201112020200102112121121111120011111201012101210100112222221211102101101111111111212110100220220
459 00010221112221120100012220021110000221121001201211102100100210201210011120200200102001121221221202102221202210200100010211221112112202001211120020010020201020122112111110202212222011220110110020002000120101111200021112101110111121002022100012200111011002010221211200002011110100122000202212210021112001020120100211110100111112102201121122222101122001010201001211221220211221201010011111122110211202121011211102101120120002020011221111111101121000002211012122002120100001220201121201110202100122111102212000011212202211012222012212221210210202201121221011012101111111012110210110012001000200122110122012002110212121121100221112102011202222012110122120221121211221102001112021201000002112110200101210220020202011020111212010011211011210010211212022101222001020210211201111212000112112101212011202212210
460 01221220102221121210010000021001211221212010011111101111200201202111201220101200112012110210121202112111201221202100110212001101102122001201220122102021001020002002111000002210102021210111211021122002210212002210012011121010011212112011001121100020112002221220210220202002211110002012101202111110000102011011000120210100111211112211121121122111220001110101222010121121222122202001011212221120212202110011120202022100221101110010211012001021111100000220120211111221000111211221210200110202202012011101102000102220202111001221012101211220100201111101222111112112110021210201220110011101120200112020102111222111021022211201022221112112212011012010012021222121122112202021111122101210011110201201110120210021000112110202201002222222111110000111111010101220111022121202221202120211221212210222021111210110
461 01101121102122121111201121021102021121200111011011111121220010102201212222111201021101021120102012111102202201002011101211100012101222011102011110110121122020021012101002010221102010221020210001211101221111001202000202110212110211012211111122221010012001111221110120112011211001022002122111011221112220010010111221011210201001111211012020221011201112100002010021222011221122202112121201122111012011221101010201112211201101122010221101002021202110111120020011102122001102110202220201120202122111212112212002100101210220101211022202020220001222112010022022112101200111211222122111112012221112021000202011011121111022221210011022120102012120122210102010220000222202201001201222100010111121220201121221212022200110020212121022120222221001111111211011200110201012122111212201121201102211120222020121210100
462 00211220101111110210101101121111110102111011220022021210210210112200211022211200211002010220202202021110101201220100000212221112122112112111221020100022202110120211102100001220001111220020210101122001211121011201110201111110112222012011121020211111012002120221221110211112201201112011211211022002101221011110000111102100222112112201121100212212221111010112122021221210211022102011111120112120111111111110020101112001210002021020220101002120112100221120110112112222101110010101000210010202111011220012001111100201211201211121212212211211001202101101122122020111220021121212111120121001000212012102212011101220122021212211011021211101212210222100002221020121212222112011212221101000010101210111211210212221100121020202211021212222100100111221100012112210120112211102211211211102200221120222010110111112
463 01112211022011120110100010110102120211201002012110112001221120201201100111120101121201012120221211121100210220122100100022201012012211201201200120100111101022121112002000212120102121220211111101112110221121012202000022100111111202001110120122012010222001120111222212122201120111002011221212121022001121110212100202200202220112111112021121022102211002112112001011122120101001112001012102111111101112201011000000122211220111211110221011001011011010112220021022001020111200110000210200011211201211102111201102001020201221002211122202220211200122100021202202112112111202110202000110110212211211122012111112012220212022212211222201120101012210121201101110121011010222112111202212011000110211111201112101222110020011020102110101221222000120020220001211101210100012121210211201110101212221011212121202210222
464 12011220112200121111102020102110010111100002010110200011210212202211100112220001120101212111221012212222100120111200112012110022012212011220111020110220111021110211102111002020201201111111200210122201121111012201121121100121001011002112110222201000110112121211102111121112212100110101222211102012111121011122200111112100121110112112111011021212212012011002112022212010210011211002202110121000221102110001001201010100220200121010211111022000110110100020120121012120011100210110122100210102120121201100112011000101111222002121022212110210201222202011022011122112200112021111211001011102100110110112212012112001222012211100102011222012211222212121102021220221211210122012211120100100121022210102221221111101120011010200212011211110111011010222102021222110210022212010110210121201201211211121010201222020
465 01201110111221121121001010010122111211222002021020110101220201002200200021221211020002112120021002012100102220101001011021121112001211000112210020011210102021111202112020100221201011222020120211012011120222101200101102111000022212001111120212201001012002221221112202102001111100001120211211101111111211010020102222212111222111112212112110222100211102010002002110011120201120212101211021022111102101110111010112122210212001010000211101101111212000011220101112002121001001121212120211210002201121220000212211211122202211002121022220210210121220202201111111112112121102211212201120112012120110122111112022012121112022202121222120021102211122011010110210220121202202102002202111100000221210112201121212111220021221120200210121222211201100110020211012011210110012101202220202211100102222220122110022210100
466 01200121001111101201201000012101011121200020001021001211101200102111110122110101012102021120200011022102210112200010020221011122102002112101001021111211102122121201101101000220102021220120110111012110210110020201021022200100112210001210221222212020102212210221220110211102211211122102222111212011101121101101012111111100112112112022212021222100202102022002022110222010200120211111011110012010211201102020020101122110110200220010221102002000112010202021121222002121001102011001110200010202212121021210110011012101112200121221122202210120101212112200122022011110102020210212122000011112212201111011101100121020101022211210202121012212201212222100012121121121222221112001102222111202011202211202202121121011022202020111212021222221110121011021210001101110210122111102200101221022220202021222011100221121
467 00021122112120121100110002110101120200211100012122001000210200202201211111200202012100122220211112111012221021211210010012002122112102011011100022001121222021111002011112111220212111020100201021122100120122022222000101101121011221012100021021220010002111111222211220200211212211020101222121212220011121001011210220122120111212021202120220122201201022010111010021102011211020211101011022122001111211010110021222221210210001210012222102201112101110111211112121102120200101121202220212000102201110121010101011010211222102201120212211122211202211001011212002222201220120112122222010202002211200111010112221110010222022211110022121222011212221002220102111221221222112201110212021100110121212201210112122022020121221120101211102221022101010010110110111101110200012112211201201210201222212210222020210221201
468 01210220102121222000221111022002210210111100020100110111200221110201101110210110111012110120220202011022011010110020021011012012002111022202121220000021001011020101101001101210112121220120220112212001111220012210220022111211012221012220121011210110002001200122211210102002222110001101222202201211002110020000001222201100210002001212012112220111111011011000010210022100112112201111011011021210201101110020000212122100210201121111221102012110112101002020121021112222110200020211020202100201201001101201101202101102101210202210222201110220211102212101122201210100211111122212210212220001001200011010201001022122202122121020122021212001122211001100121220121220122212102012112010001101011222212201221112011010011210020211101020212221200110021221121110102210110112122121212101101101202120100112000110212210
469 00200210212222212111111020020201211220111221121010211112101122202211212112210201011001001020112102010121102121001012101102100022102112011111002220011020111011110121202100101220000110221110220110020101212101011112010202202121220221011211021022211020022001211120221210212102221102012212222122121120001021101001211210222200201210001202010121221221102122011102010110212000211011202111120001122010102201021011020202122100120101111000220011002100212101111210021122102222001101111102110211110202211111222111212101000210111212101111011212020220121211201100112012221111100222212212222020111012020202222002102012111111220011211110111021012200121221022110202012211110122201112001212222000100101122211201112121211021111121020112222011121112110011121020221021101200110012212111222200121100112212100121011121111210
470 21101221202212120011102011010101121010222002110120011212221121110011212122210201111012022121222112212111112200102010011112112022212102020201110210020121101021120201111001010220101122121120110111112100120112002202010111101211011212212221102221100110012102220211220200212111201100011102121221111021010221111022110112121100211201120112111021221211201010011100110011202220210012112002001211120001212102121001011102212110122101110120122012112011202101111112121111002212210101210102110202020102101112222000212112201120201110022221222212111220202212102210021112222100211222121221210000001101010200202100102002112120122022021210110111012001202211101100001121220020121222122002202222000111012111122111202222221010111211110211212110112122111020012122201120101110200122112211111202121011212202202222021101211202
471 11020221111122200111211120011002211220011211001011211112200211202100211122200200122002100110202210102022112211112010021122220102112120011212110110020122200000121101102201112210102022221010200002222020220112002111010202010111202202001110110111210111001002011220211220001102210210001002212211011010202111010110211112210200211112112202011112022112201111121000010012121222111012112011012111112120112112221200021001102220000100110101211112012211112110000120111011101121000101111112210202111101212011220102211220121200211212001220212111112221202212001202212112120022220202220220210101122111021200122111112102110221111011212110121110011110202212010110111220121120222200111020221220221210111211111101102212202120111011020002221011211122110100011120111010211110110022212202111101120200112212211111010200220210
472 11000220210221111110210120020111211220221122112021101012210121102101111021201200112011121120212211011021211010112110110112110011012122101212200121000121200002021002002100002210212112220020211011222011212211102111100121011102002112000101120112201120002002121220221120112101201211111002121221101010011121011010110111201210201112101211011021122121111101011002010111022111001102111001002010021020111202112100120101112210121201001200212102111222112010100120121012201120000110011222221212020102111221121001212001110100112112112211122221101010202202102001222111001112220111211221121120112022210200112021012022211020222022212100221111112001102222111100011110221120221210220120002121101210112211111200122211212111121211020202211021211121001110010110200011201120100022122102101101221200212221210222110212211210
473 01021202102022021000110111100001101220000001012112102101210121202201011221200200010000201221222021202121202111212101012102011012202222022120201022110120211010001001101200011220201112110110212111112000010122002210100012000012002212101020111122111110002200111221102111201012201100011011222220112020012200022121120121121220011222021122220120122200101012121000001222222122212020201102021002012001011212111100022211122110210101120000212002200111011221001220012110002020200201020212220202000101202111210100101000002221211102201210222212120111102112211011222111012212220022201221111110011012201201222012202111201021122022111110022021121100112220212110112020121120211101102011212221101100012212111201012202110010010220220102201221101112001000001210101111201211010022112201211201210211211212120222020200111100
474 01111120012011112011211021121100200111201200010011011102100111002200211121220201021001020120220102022011211210102110001212101011102102112211221111100020002121111011002002011220102011121011101112112000221122111101011111120100111211011110012012222020002022121121222200112012201200002202121211001110112212010200000221111111111211102212120122221212201121110001012021221021201011101012112011111111110212011121011111120120021111121001221012001000222110101220110121111220010000020202110101010202211101121101201011001221200201200111122202110210100102002000022012001201100212220211010010112101011220211110111112112112121022111100222121022211111212002110101120122021222211112102111121102001212111112202200221212012100120010201222012221221211110010211001111201100201022112222221211121111211122121121010010211210
475 01100121102111100111112001212012000210211001010022111100211210212101210112011201021100111022111002112222201000201010020122202122111111111101100120100111202121220002211001100120202010121220110012102011220210011211021011100111001212001100010211111010011002201220211111102102211010112002202102212021021121111110020110211201211212222212002112112101201001011111000110222111201010201110022120121110102211211010020102022001120101121120121102002100002000202020110122101111101201101200020201010102222120012000112100011101101201011211122211210210212202201101121102211001211111120222121200011102111201221012211211101111011022120201222110111012212210102100012122021021212212111001102221101010121222202200212122210021222202020210202122122221111021021121110002110111200012212202220100121121211211021222010202210200
476 01101221012122210010111001021121211211122102011112111212200112200211110022210212212002112221211212100002201021211121111112100101122222012211220112000011102120122012002010010220002121220110110121022101111012011112120100112102111222012101111111200001022101222222222100001211222101212011221212001110002111010111200211111210220102122101121122211102111011221102200120021120210120202000002221111112111211111101111201012100011102200011211012012212111012100110010221122122201211111211220200100100110110112000202111110111202212001211022212222220101202211101221112122111211211111212110111012201020212221000112001112010112020111002012221012001211201102101002120220010121212122012212121102201002011202200100220212220001110012202211111221222101110110210101120210110110112122211220210111110201210111201010201211111
477 00201221012011222111211000121100101211212001000021111111100211101211200112210201221002111220222102111021112110101021000102001101002122202211220212000020012222112112012012011122002121120110101020021101111221102111001111110120022222012010010112220010012012120122222200101221202010012100101212111110011121021201100112211000210102212202101121212111210101022202211100111120201121102112002202210010112202111101000101121010012012111001211022002101222011201220000122102121201210011212110110211201101000101101102001000122201222201220022002121210102202112111121112112101210101210111000111112102021210122010202101102121121022111111222211022011112211102000012111222211121221012110112120000101101111212101011220101111201201021201211011222222110120021201121011200100011012112222220202221101212211120212020110200201
478 01100220012200220101210220111100111201201111021020111212110221101201211012201210112001111122222211112022200200211000012011001022112212122201021021110120211021111001201001212220102001221220011102111100120121012201120012211120001221012210112111110011002002210121212100102102210100002110222212111201000212011111100202211011220102111212210121220111110001012210000000122120201111200111002110021121210212111110111201222110100100111000222002022110222100102010011121012012000102121111220102000201211201212001112102101211111120202220122202210210111112112112012102111102201011111212210011011102010200001010202001112122122021110120111021122011122220102200012121221120122222212012202021110200012122201110211111222011101100010211011022122122222110021120101021102110101022011212221111211111211121000211010110122111
479 01001020212212120010200120021012121102221202011121122111010201012200201122121201012011210210212121212220012101111010121121111021111120020122010220100111212010012111102001101220100021120020111210212101011221001212010112201111002222011121221122221010011121221222200120212201210101012112211211202112001222001120110111111000221201011202102121111201222001120001020110112010101022002111011010120022112021220011021100022100221102111000212002002102121101010120111021102212100101121112111201001201101011211111211100201111201111102220122201221211102102001110122021122221200112111220121100021101001010202001102011022122112021121200111122021101112122112100000121011020222212102022101111000100102112011102212211202121211011020201102122112221221120011010201010101110200022222212211102211200202100101112020102220200
480 10111121012122122110202000111201212112202011010021201111111200002200112112200210112012020110122112002121101211202021011102110121102122110212101121110011012122102102112002111211102021010121011111021100201111102200000012210010110212102111121121211020002012120122221211001112211110001001121121201111012212020111000221101020211121122102211111222211221110022102111110220010201121202012001211210211211102110220010201222120121102111000212021001010201120102121201122001221101100110102100211020201101002201002212001010121201212211220122102210210111112101111122021110111200201211202220000121001011110212110212111101222111121112201022212112110121111012101012121221121212221112112121121101110012120122101210222212011102211020201222111222221210111011222112010100200202012122210211201211201222111100221110110221200
481 00020212002112121000211011010122111221211102021011111111221110102200220222110100111000210111222111201110212110022211001112011011111012020102202121101210012011010012122011210211212011220210120211121011220111202002020011100101101112021110212212210020002002011221201121101122220101012010211221212020002221121120110111111010120112121102222012221200211022110111000220221221211120102200101110011101121112210111110102112210211101020210002002100012210022011220010001102121001111111211020210101100201221210201211000000222102202202221222202220221101102101211112112122020220111212222112120012001021211122110202112100221211001020101111122122012212222022221102110120010222212002012212121211101010100200201100120212120111111120221112211211220211200211210212011221211100022222201211101201110202221210222101101221200
482 21102210222210112110101110001002121211212100111011110202120011112120201111210200010011221221112102212101102122202021000211111012202202020102221222010010210021011212202200000220201011121121102112112020210222002201011102010112011202111111020101211001001202202211212221102102212200102101212201111211011111001120210221212121212221011201122121121101221212120011100202121110211211210102022120022021111212220111022002021201221102220010111112202120212000200021121221002211010102022202221200210100102121221002201120110212212121002222022221221110210222102202021011122021211101210110120111112101121111122100202122112121112011201210211020012011222212012111012111121112112211202002202222000011121112201211110222221020001211210202221021222121110120012020112110201211101121121202221102212212111222221212010110110002
483 10201121212201011001200121011002010210111100110122210210120210201001001212121200121201100120122212212120201101112010022222200122102101010211100210110010111011011011102101111220202111121210000221111010211201022201011112100212101111102012210221200000002102110221202111012112222100001002212201011020012121122111120220201211210112112210011122111101222012000101110120211020200100202010001201122120202211201020121002021212220101211010120002002101102110101220211121011211201211001201120201000102212011122000101210000101102200002211121222220211011111201112112111202122211211220222120011102111202211122012122111111211212011120100211212121111222210102010012011011020221111100001202021102110002112211201111222121011111122020201001011121121220020021210221001110221211012112222220200102120202201121212010201210201
484 01121121102222111110111110111101211200211001211122020012110100102210202112211201022100011111112012000011220021111120010012011122112112010212210011000011120021120111002021012220212121020100201101112111111122012211110110212220201222101100011022220001012002122212221210200201212201010102221122202120010021110010211110102110222011102202022110222211201002000100010120112010121111001100011011022122210122100121011221121111220001110102222112102100211111111122011111101120101010120202121101011101200101211001011120001221122211111220212200121211211212112011212011022111210211220222211021112111200201200000101012211121021122221201122022022002102221002210102212220022221112002102112212100000120111202100211122112021211210020112222112222112101100010210201122101120210001122221211202210102112200211122110120212200
485 21200120112212221111212010022101110122111111010110112020100110102111211121110200111100000120111102022011001110111110001202221012111202011221211122010010201020020222211000021221102112121120211111222011210211001211110112100222110222002101010122220002002101211222101211211222202000211002221222202021001220011010000112210100210011011201112022121112211112120111021021002020111021102002001010022021211112220011120111021110120100121000221000002021112121100120012012112211100012112211110200112201110102221001111111100211202201021111022212220212212112201220122012221010210111112202221111212001101011122000102012221222112020111200011222101010212121112121122111121221112212212002112022002100102002001201121201210021101020120210202020222222001121120120202012110120011112211222220201222201200210101112010021220210
486 01100221012121220100220022000012120120102102001022201210120211102201120211210200121000002220212022201021122210012101002202001022012111020111100022011010212100000002022111002220201212220220220210222000211222002201010102101202112102012210122122220010002101110222202111210110120020010011212221202220002220010121121111120020000222012202122012122211122011120100011120200021101120112002112021111110011121110210121201022111220111021200211102021102121012011120100001002212110111111201210011102101202021201001121100000222202101211220112212220220212102110122022121122021120110212112122221122001111201102101202111101022112112112200021212122110222211022210022121120220222101012012212111000000101211211211102211221020110221120211201102211211110020210210112010111110100022211201201100202110201221200222110210212201
487 01201211112211221000202001021102211220111011000122120020120220001200201222210000122100010120222121102121001121101000011112021011200212112021210120010020202012111002002021112200201122121220100110222010101211102002120121121212200211012110020221020012100111212022111211200102212000102012221111111020011210111210022122100200211020102122012021120100220102011101010110102110122022101002011001021021210221110000111111122120210000220101111002022210121101111110211111012012000201120112121210111102120111101100221201101110201221102121122212110120211012211110110001201000201001210112001121021111111112112001112101212112222012211210121012112111212222102010021110111010222112212012012202011000111122112202222212120020101111121111111012101112221121020120112011101221200022222201220101221201222202220222011210221110
488 01111210112122020111112021010002211011200011212111021111110211202211111121111200122101010220211212011110102110111010011112122121102211021111211111011011201021010102012012101220101102221210211120212100111221021210110202111221211202102112110011210000012102112221211211211222202201101002120202112120011010010021100122212200110212012211122222222112220002110001020020022110212120002112002101010100101211200010110222022220210011220001222102102210112122110221022002011112211000121202120101011210211111121001211001001111200201012221122212111200201012201111212121022101221110102222011011021011002110102111102100110122122021200220020121011111222221122021012121120211212222112012102122000001212212121100122101222121211121010212221111221211112110121210201102101110010012101211210212212111201211211212000110221201
489 02010220102220111111011101111101111201221002021012111111100211102200211122111201222212210211202212001222211112201000000121002101202211020111220101000020211010022202100101100220202111220100210121212102211122011211121012010000001200102111000211110111012002011221211221101110202100102112212212122211102122000022000211221010220202021211221010222111212112210102112120222111202122202002022110122111102111210102021111022000120001110000221112000110112010101120100122112122000101112201210201221100211112121100102012111211211211012210012112221220001222001101212011221111120112111121121121112001020001122111211102112220120111221101021121222221211202012000012111222220122212202011012212002200020001111001121211200011012101120101222012222212000111100110212021102200110012222211200201220110222122210212010011100100
490 10111111212121122110000011111002101210100000111111101101200110201202110221200200021101011220222221211122100111112100011222101022012111212200200120010211212021011011011001111120212012120100212111102001020221012212020022100112002211002020221021111010111102210122212211121112211001011011220201112021001121011002000212212201121112120222121220022202201002020010101111111120201011112001021110112121100122110100020011121221200012121001221012101101010110200120110021102121201201111201220201011200201121120000101101100210110112012222122202120222202112200021222002221211221102212122012111012111101211222000201121112122222022211110122122120000111220221111002221221211111212102112212201111200021111101210012102122120110122120200100001221122111001010200201121201220000022102210211200101210102222110212020210221201
491 12102211221211211010201020011102221211120112122101220111210121112201200122200201112001120220222210022011212120112110111001021002112221001212010220000120201001021111201100002210201122220011220111102020202221102112100112100012021222101111100111201020101002120121221120111001121111102002120201002022011221000010211111201200110001102221011222011112211001022001000012022121220012212001022110111021211202211101020012121211011110111000212002102112221101110020020021202010001101010112211201010110112202120002201212212211211220001220222211111211222222101101121121110022211102211210101011022111120210122021122011222020012022102200222221122001202222101110012121221212220221011012112121101110112210101101221110212120221211020201211021222022011110110020111102212220200022222102111102110001222211220221221221220200
492 10211111212221020110112111011011000221110021110021211101121200102200111111211211000001011220120102002111102210100010011001121102211212001201110120011110201011111112112210100221202010221221110011102120012222111201010102110012010112011021110112220110012102112211112200112101210000101102212202011120020202010111211212201201211210101212001211112001120102010011000100122120201221221111112010121010211212220100111202112120120012110000112102212200112010101100010211001110001111210201022200100102200002111001212100012211202101002211021211211220111101111111121022212112202201211011210210121000011212112120212021002110112012222111221220112122212211122210012121221122222210002002201121100100102111202111011211221020111110021100122021222021101210111120202012202211110011101201110200221010002112210222020221211211
493 02210210212110021000112022010102211020211120001020011201001101002212212121220202210001100220122112112021212101201000220112000022101112102110120120010021212202111122212012202211202021121110200111211010210221000021020212212001011222001011010122110011001102210110222212102201212000022021212212212020012111011121100201212111222222121221011111021102222012001111010021121011201010102002102001121021020102200010111002222210120201101010010011001110122000010220121022121112002100110202101201010212212222011200222000101111101101101212112222210200201122212011122101121111110110122010111010012011110201112010212121110220221012201001212112122201202202012110112020121220222100111102102222102001111122001202111121220110111221120101021121111121111110011120212011001010200112102201221211201111122121121222110112210200
494 10101211122212101010101010111012100201211111120121110021210021112200111221210200122201101020222111012101221211202010001122111022022112100200202120101011112020001012002101101210102121220111110110212000110221012211121002200201112212012001121022112000112111211121222211211201120100102001120211022021000121001002100201202202211111102222112221112111202112212111011110222120202012102012001100110010211112101000010002122100210112111000110012201001021121210220020012102021102102010110210200101201212211122001102212211210101220201220011212211222101211200111122111020110221202221112112120011111121221112011111112212121222112211200122122112101212222021100102110221110122211002011102212020201021120102100100221212211122121020211100020220222201120120210102112211210100022210121220200211001012112121102100111221211
495 10111122002111121110122000022111211121202010010121110212120210102102020222110201011102111111221112022001120211112000121012011112002221001102100021110020011001112101112000112221101011210211111010022001220102101211011011201022011122002021020112100210002002121222211120112002212210102002201211211021000110011110101111110100112111101211012220121211211111010002121110221220201221212012001110022021211212210010110201022200111100221000120000012101122101101210121112011111001100210112110110100201202112121001202101101110211101111212112102120210210210202100122112011112211012101112221010112112111100212011102111022111212121202102111121101020122121112120001220222121222201012011211121200111112121212201111222100012201221020200212111122212110111001122212000111210101022222212220101121102210202220122000001220112
496 01011120111112111110101011122112121221201002102122111112021211212211111022221200122101112221201121022010101221102000011022001212002121021202201120102121211021121211001101100220112111121220201101112101220202011202011112200111002122112210211122221020112102200121211210212222212101101011222211012012101111000112101201112100021122101211121221222201012201021002111111102010211110212012011011111011210212221021121220022111110201210011122112001001202111202221210221001110012101020201211100011212211112020100202121111001010101210112122202221211102222102211221022211111211110201211210000111111011202111011101022111220001111111201112111112002202222112200112221221112121111211002212222100101111111112101111121221110112100020200221022222222110210000111122010011220101011101202011101211101202222121112100001221121
497 12010221211211111010112011010201201121211122021021211012110111112201001011111201121100110221101222121021211211200110001021001002112222122102020120010122100110012111002100001220202111220221120212202011202222022102100111201111002211102110220201110000102000111222221200212202221100222001121212112022100211111011100122212200220012012221112221120200210021121000100200012200212021101021111021121110112211211101121201122120210001120110220102001011222110002220121022101221002211120101221210001202212211122101201011101101201221101220121201111220202222101211212222221110210112221122222020012000211212212111222012011111212120111102211212122000222221001110112221122121221210102002201121001001021122212101211201111221100001120201122121212110110100020021112010202110110022122211220200211201111220221022000210211201
498 01022111101121121010002011001002100211110201012112001111210111102201211021211201020101012120212221100011202112002110011112100011112222012220210022001120111020011012011101010211102022111110221102012011210221021212110022001121012201112200122012100001101101220221102110201102212100112001211211112020001200111011100212211100210122121202212211021200021112020101110222101120102120202201021002022021002211100000121211121110210202221002222102000111212111101220011021212111101111221202111101001100201121201111210010011210221202200110122102211212211212210111112012111001221012211222121011022001012200221101202211211120112022202210122221111101222222002110112021222220122211001020202100110100121211200200111111110120100212120102201211221122102120110111211201201210010122212210200200201100122221221222010211212200
499 11020221221121221110221022010012011110120202000022211202121220102210220221200200122001100220212122102020112200212001012002011122102122120101210021011021201011102002212001001211111112221221021210112010211211002100020012212101101222002211211122211010002200220221212112101011210110011011111211212020012122110020100221112110211222012222122012221202112001020002012010211211200221212111020010021010112112201111021012121120211211020100022002001111211021011220121101001221001201111212120111211001201112121001122001201112201101100211022212120220121002101102011011122111120111221112021211012102120211022101211012001111112012111201112022011011122212022100012121120221102201222001202212200100120201120101011222222021120112020212111111212110100110220211212001011110111012222102211100222200202211210222120210122100
500 12110220112211111101102100010202111211210212112020210111110111001221010121210201021101011110212221121012102210102010010012000021221112022102111020001122111021021101002111100120211112122120101101101111120222011222020102111211011110100111212110110011002001211121101101102111210201002020212222002020011101202020100121212200111201111212121122212100220002210102211212112220111021101022010110120111211222000110011101012200110101120010212012102111222200212010011121202111111001222212120201120201221121112101212101111202211110002121121101120221201010202102102101022201201221211112221001121101110110111211102020111121022112101100122121222202222212011212001120120100212200212012122222001201001221001002210222221121100101121201121021221121212200120120201112000221101022221220210202202112122201120022010101211101
501 20001221102112010010102002012011212212211112110011011111111211101100112222211201112102011210121012112221200202101001111011211022012212021211100110100111011012102211002000110211112121110110210201022101221112002101020112212122110111001112211111110010002012021221211222102202211211012002212221111122111221010111100222210110222112112112111110221211112012011202010100221120210110202002011100122101011212110210010102122210210101011000210001010011101110201120110012202022001101220001211101020201111121212110222000000211202212111111122212201211012022202111112022111012210212212112120010021102021201122120211000002211212122221111122221212111202112201201002120122122110111011001211211100110112122121200211122122011211121120200122121222221200011011110222010110220101021122202211200212210122211210121200120220200
502 01011221111222020100221121120001111001121002011021210221111221102211221121200102100002021210222121102010111122102000020102120012001212010212110020200022001001011102012101111210202122211120210001112102120212012201010112110022101212101200020210110020002012121221210111202212110200012011201011201122101012111121100112201110212211121212122011212201112012022201020110221120210120222012001101022110200102111210001202111210210100110110210012101011111111002021101021102022102111120102211201110001100221211001212201111000212112112120022201220212112202211211112012120112211200121222220012012100010110112110222000011222112022221201022212112010222112112212112111222121211211102012122122101010022220210201201221221022211121121100112121221222011120201120221010210220102121122212102202211112221112210221110210211210
503 11010020212220121220101020101212011221110111021021110111110211102211111111220202020002102221112222122111001220101110000022110022211112021211110221110111111022012112102100102121212111210101211112112102221112012200110100011122102021212102021121100010102012220222202112112101211201111101121222101102012221000021111001211110211201201201110220122212221022020002211120121020200021201012110210011110010202001002000101111011111011121120211001112002202121200120121112012122002201020201021211010212001222211100102010101101101111002211022222220211202220112001022012002112210121112112221100111002000121101122012022212121122121120101212111022012202111212220012021220120212200122112222121102000212122110201210220210021111100020201122002211112212001021211122011101121101012121200210202222200011220110221011221111111
504 11011221112211220110110122011021021221220111210122010101111201202100111110211201210001022221222212102212101200111110000012210102112112001211210020021110101021211112102111101221112110110111100121011000011111011211011112110112110221111111110022201010012111222220112221112212022100202012112202011120011102010220200212212200221110112202022122022212121102120101000111221120211021202010011000121211211212221121112101122110120202010000022012111100001100101020120111002220000110121111021200110202221112101102202101001211202211102222020212211221002202101221121121221011100200110000220210011002120110202110112021012110211012202211120221012122221221011100002020021122201211002002202221000100011112110102101210101021211010120220121111122222112220000121212122101201211021211211210100212100012012210222120212212211
505 01100120102221021010022120021001200210210112111122212201221100101201012221210201022100110211111122110020110111102000110102021021112101111102211221100221101110022001012001020221202102221010210120220110121202100002010201101212100212102121010112211010012102111211121121202212220201001001012212122112101001121011100222201211211211112202122221220202112100120200112210111010211221211111012120021100202111211022001001022110110002112110112102112120102001201120112122002021201201111211210200110200111221211001010100100210100211012122122212220100112010202111122010020102200202211222001000010101120202010102101111211210212102211210111201012101210110102111112012110121221110101101122021100100122121112201201221121011101101020111211022221122200110001220211110100200201112102221211202211012212101211112011111220200
506 02201220202112121001122200010000200211221002011012100220200200101101102222100210122111210220022222102121212211102010011122101021222112000222100211001010112000011221002111012220202222220210210120121010202212012220111012110102102111201012010021111010002002021221212221112102202110121212111200010112002111102102210111111110121112012202121112221011211012020102111021122121201122202001001110122021211211111012020111011111220102202200220022002010102111000221121122212222000111111221210001010202112012221000101112112120211211002011011221221210201212110101112011121112111102220110110121221010221210021011201012222211121021120000111122112221200111102100022011221120112212102110101122001200101012100102121221110021101112120101101011222221110110100210212021111220211012121202201201112211112211211112020111200211
507 01012210201121102100121101010110101111201201210102111021120201101210102112102200111012122220211202111121201112111010020212011112122221012212121110000120222020111102001000001220212022220111200011122000210201002111100022101111112211001101111122111000012112201221112211101111211101211102221212002121102122010002101111220200221122012212011011022112211112110102010110002110202120112001111012121121111002121111020101021010201212210010222011001001202110210120020012112122111011011201210101210201211112122011212101111210202212101120021201220210110212100200122121101111012222211210110111212011020210002010212022110220221111111200111112112122212211112000022021122201120222010001221211101101100212101102220111200020211111010111201112221222111220000221111011200110122012221212220110212110201110200112110110210000
508 00100221112221121010001011120202220111200011100101220112111210102210001222211200022012110120221221011201202111112000001022112012212012112222111122120020211011021111022110202121202021120110010201121010221122011001010111100101111222002100121211101102101002121121222211112002120100112121221222122110102120021112100221211100102122122212111121121202212101120001010011221010111121111011001100010011102111221210010012121010110212011012210021001112121211211020111111000112101201120001100200001201201122212202221102200111200201211222122212220220100112111112011011111121210111202212112010121101112101112110111011001120211110202212112101112001121212011010111010121110022211101122202011121001002121102101221222111121020211020211222112120212121110110120211112102200210022112112211010201001212221211212110110211101
509 21102221112222121011011020121102020110212001020221101211211222011111100122210200221101011221221212112211201111202001021101110112122111222202200110010122211010111201101000011221102021121210201011112100111121111211020211200200012221011221110112120020002111220222111222102102212000102112120211111110001221121221110211201111210201221202010110220112210002011202111101122121211021200001010011121020212102221010121201111111120100111120221002002111222010111022211212102212010022211201110202000202201002122010102101211220101200002220212212001210001202202112111112221110211220221211110020112212120211221001112102112011111012122210120011111012201211102010212011120010201221202012212212000201011212022101202112222012201112011211212011221222121020111121202020102110100122212220100102222002211210211122110001211201
510 10100121101120222100112110011001220210210220021111200102210211201212201111211211122001021220211102012121101101201000020011001222012122012200211111200120110021010010202101122210112121220110021020110100111121112201210102211010200221022210012022211020002002201221222110102101220200012101222202210200001210210001100200101100221211001212101122120112020111001011020111022210220112101212101020122100112101210020111212012000200200112101221011110101212210222120021022112212101200011211220200010202211021212212212101200001201220201210022212111220112211112001011222120111201101211112110020011002020201122002101100212121222022121111122112201111221222001200112111121110122220101001202120000101012121201211220122101010100110020202212020222122220221111021222020100120201122121121121201211101212211211111010211201210
511 00121211200212011000102011011111111212112111100001101120211120012210121022221100111000211120011211102100002220111110110022122002110212011211111120001120012122021112102001021221212001020110110112021010120112111211021002201112212212122110212022200021012102121221201211102220221100002002120210212121001201112112101112212110221201012202121021211212211110010202110100222100211010201110112011020110212212110010011111111200212000111110001002111010211101002221011021202220101010101211220211200101200121210211202011001220201220100201221221112220001212102100112011112110212102222122200011022001020212212000002012200220112020211100120021112202201222112011112211121110121222102002102211101200110111211101200120101022202121021212011121222221221220200121212011201221210222221100220210221020222121221222010011221200
512 11111221002222111110212011011102212221201012111121011011020121102210101111210101222002010220122202012011110202202102011111112011112211011212200010200000012121001002002002101211201012212221120011121002101222112210120102111021100222002112000021111000112002211221211200111112101110101102112111112021011110010121111102202120211111112111221111211210221011121001101210012110200021002001001101121010101222110011121102122210100010222100211102011102222010201110220111102011002201021112121211010101111112210011101001102111202210110221021122110200011022201111222021210022210101210202221121022010020011102110022211121022122111211010221222112121211222202101111111022012112222112001212121100001021122211201211012112121210110020121222211121211111110010121010111211210210022201212200211201110112220100211221100220211
513 01000220201211122120102111010112221121221212122121100022220011101201212222210201010101011120212002111101102211102121011111121022221212001111110121010110112002021112102101000220101111220120110020112201121112001201010212211022021210011221020011212002002012211121210210212001102202011212122111120120001120010011100210012200212221002202022212120222211111010101010021021120210121101102221011112001102101011011011102022210210111121100220101001011202101011001110022102222010101210202120211210201111101212111102111011202111211102221121202221110201212002111022022121011200202201222222010011012010212122011212011021111211021222210111122022100122221002200102011210011222222201001202222101010122022120101211222102012211020020212212120221222202111121021211021001200200112211111222202112210112202200122021211211111
514 00211120211220120010111211011202100110120110111212001102220211101212102221200200011001110210222022111121212010122001011212010012212111011201210221011221202100010101111110102221212121221010201010112000011211002210110111000122012221001120100122111111002001111222121121201122121111111002222211102001002100001110110120211110120212011212012121222201012021101002012121122000212120201002011001012101111212011011020201122200120100120010212001211201012110000220011021102122110200112211210201011101201210120100211001001221200011101221212222011112112112110201222210112211220102212121121120000111112200112001202012112111122011100000122112112001212111011110112111020221222202202012202211000100111212221201120222120001100221020212200022112211101010001221201011200200010121000212212201210202120221211222001111121102
515 22122121122220122110212111000011221211212102111012100112221100212210211012201201020001121220222110102001102111212121011111000002002211001201211021001110200111021102111101101210201012221111100101212000011222102201000002110211101211201111120121202012001101211211212210102000211100112102212200102111011211001011210222112010210220000211121121211200121002020001001111212111112021202102120010020120011212200100022112111210111222210000212002101220010110000020010021002011010201121212020102210102110021220000101020001101202221002221022222120022221222001100121022022012210102221012111110112001222201122101202212112122112022212210122121122010212121111111021011122221122202012002212211100001211201111100211111122021121111110212120122212122101210001010202011202121211002221201221101002200111212221112020120221100
516 02011220102111112111111012111111101110111011122012022212010012111100111022121101012001121211211112011012201221012110112222002111202222121101220111110110201021021111002001000211101012120010210211212011200122011201110011010101011222111010101102221001112102111222211111111212211200021202222212102120102222010220101221121211112212002211210221221202010111211002011121102011212111102111122000022100102111121110011012122110210200122001122002000010021100202120010020122221000101121111220102120211211111212101202000110221101102011212122212121210011112101111112022111110100122121211021121111102010120222111120112110212121211201101121021222110101110012010102021221121222112211001202201001100112111121100121110120011220100010201221022211111120100210120112121101220101012212222220211222102202022210120020020212210
517 01000220002211120001111002011102011201222012010001111122000212112100211122110100121101211221212012110022201210220010100122101102122122222102220210100120112021012012002111111210201011221011220221202001200120021202111022111001101212102020100111211000112101102222200210001012221101012111112221002210011222010110111211201210210102012221112221121201210011121001010001212111202022102001011011121012201111222010012001021110111102022100212102100010121200102120110021112121120200121102121202121101211122111100210100111222222221111121222112121220212222102100212122111121101222212221221222102122010212122001221112011120121112211101020121122101212212112111022021221120211121112001122221102100012212112211202110211001122202010202211022222212111111210020121222111120100002212102200111122202112122201121010221210011
518 02120221210221021001101111000002111120212222012122100012210121002200211122211202021201011120102212011001101221112220011122101101112122002211021021011021002020112011011012001220200022122020110221112100111212010220020112001121012200011101012000110111102002211220001000202201211111112011122220202011102101101010200022201200201102120202112220121100121201120102001022112110202121102022110001021011102212110110010112022111110202120000222002101011112200111120011022101122111211211212121210111100211121111201110011211202212122102212121202202021201211200202212012021111220112221121121022011000121100011100202011020210011112112210222121012112212222012102021020121121111221112022212221111001111222101101211211211112110112021101112122121221202210120110211211100210101122221221221201211020112211210122020210201201
519 02120121102211120120102020010101221211021001112021101022120110102212022222210101011112221221112122122011202211212101101001010022210111021202000122111021011011122212101000101200102012211010201111222001120222002211021112122111201112101111210121210110202001221220122110202111211202112002021121101111011022010011110101111000221212001112021220222201210010221201220111112100211021111011010100110000100112100011111202211101221100210121110002001000211010100120111022122122002201120112011110010101002220211100202010202110201010212211121112120210011112112101122012222111210121111212221010111001210110211001011122102010022221211100122222112012202101112110012021121021222211122111112222201000112111210112100120111020111111021201212112222211211011010220222011000220101021111212211212222210112211210222112120210211
520 11011221102122111100201001021122120112102001121112001111110101102212100211011200122101010220222212112020211220102120111222121011112122012202110220110012002110001111102100011121112110210121110221102020220120010210110100010101012222112020210112121110011212220122221220101212210100102102221202022121101120011121000112201210221112101212011020120112200011010111120210120222102010102020021210211111101111221111021201022110100100210010212102001110120200202121202021001112101100001202210210100211100001012100221101011221201111102021122111021211211111101110122012220112222200111112211012021011011121122000001122101221102121220111212002012002211121122000022122221111221211202011012121001101122112101211202201211110111001011101110012222222012110010010202011210220110012211221210202210210211101111212000111221210
521 11021010102122012000211112120000211110111000022111112101111210202100212122221200121000122220221111110010102211111200101202102021202022000201211021000011002221020011102002002220112122121101210100222111220212012211011102211101112222111110101122211010212112121211221221102002221100120112222212112120112112010111111111210211011112112202221121221202110101201001110121122000201010201002122020011010112202111111020101011210110101120002222002010100202210111121021120112120001001020102000202010111211111211102202100101221100201010111022212220211201122201110222121112200101212220122020011101111000200211110221011210200112102111100102020212112102222101210012120121012212212102012112202100011121111110211102221121121110122110200211120221121210220100120111020202200201021222212211202110101202111220121010020221210
522 00120122112121011110221021010111011121201111010021101211200220101100110001121200221001012121222121010011012210100010021112011011112101010111101110001011121110021102112111002220102112120110110100221010120221002101120212000211202112011201111122210011212101211211202111221211221010121111122212212221002221010222110111212000011221001102221112121201121001010101001112121010111112202101211011200011021211221120010101121212120101110001211101112012122111101021220010001112111012111102120001011112212001220101211011000111201200202121021202221121202212201010122011212122100110111211211201022012100101112111202211102022122220102110121121222111222220022101122011120210122210122002212211200100010112211101222201120121120211020201111102210221101110210111112110100000221021012212201200111211112110211222020210221111
523 00022221202122020111011222011021011212211102111112122110020211202201011212220101112102021221222202011012212211110000000012110112211112012201110110010011200021211112101101112221101011220210110100100110110212021110000022221111102212012011111122220100012001112220201200112112221100112011212221102110001121010111111212210110210202101100122212112111121102100101000112222110201121102111011010122110111111221100122101212211110101120200011102112111112110001211102011102211200101121111121201002202211012101001202010101212212201102222022212221211110212110211211211112001101111220210121121111002120010202200111211112100122001221111221211112122202122012110022010121121222220101002102011001100002122201202002212221121200101020100222001222122102220020020212112202221102111201102200200210110112212212222011110222210
524 12110121102211020111101011011112011101111102102121110211110220101100221221101101020111121120211212100021201221202011020122021121021112202201110111011021200000110001001111212220001110220121101010112021111122012212121112011110112221011122001221220010102011212211222220201022201100111001012212121021012111000122100202211202221102111220021112122211201022000102001120222121201010111101001110121021201000020212000100121100221002121111222002002012201100101120222211102120010101111212110221100112202112121011212102201211221211101221222211221120102122101200211001012001211112210212220120221101020111021010212220112110011012121110112122022012222200102110101220221121201111002112112121002100101101101211111210121110010100020001122021222121111110010101101002112200201012222212220202212111202211211112122212211100
525 00101120211222112020111010011112221221201120021111211111120200002211211122110100011001022220211012012121200211201000010121120011112201101112101011110112120010000111112000021210012122210120222210021210110212002102100101201012212212112212110012111011002012111220112211102202220110022102212200111110000220110122101121110100221111002212221012221211110011110101010120101211210121111121000110221000112121220101022202122000111210121000121012111112102120202221122022101211001201101202110211210211112100121211211201001020201221201120112201211220210122202211222022112011211121202112010020012101111201112021211002121122111112221110222211111012222122021010112110211110222211201001202121012000122121100211122222211121100220020201211021212221112111012020222010200210210010202022221210212020102111110122110211210201
526 10011121202112212022001111011012121122112111010121100111110120202202121222220200011111211120211012012002121110102001021102110022012122111201100121011121102011121102102001221211112211221020100211111102220111101212010002100111011112001001111222010111002102221221212100012212121100112002111211112001001220011011001211110100222202001102001121211102111121020101021210121110202221101112000011022021200102120021010201122201210102211010111000001010212001112020001122002111012010210110110111221201101212020100211101101201211202202122012202120210112201201210222012210022201112200112220010120202111011121000112021101221112012211210112021212100121220112010112221222221212201011011211220100101111012201101222121111111102101020200210120122122110210010121202012211201110121211101110110121102201201210122120011211112
527 01110221201211012110010010111102011121102012012111110011110220112112101122220100001012010020212212111011101110000001010110010002112212012212221111021020111112021112212002202221102110220110100001121110100212121111111021110112220100012011210101111121112102220212201111002112212110202022212211102101100112111110110002211000211212111200012211112111212021011011001011122010200211202110111021021220211101120001011202111111111200020000102002102000122100112011100112101111001110202101220102001001211121012101212000001100200201100211211112210220001112112002102201121211211001221121120200012002111111212111112102122020122021201111122121101211121222022110111020221011222101201011202122100120012111020202012011211012020020020211112011221221010110010110212111201221001011012212121002122011210210211222020112211200
528 22101221112221121000111111020202021121212112212021210101211100010200102121220200100002022021122112102012102201012202010001201012222112011210010120000121102000120110012102000220101122222021120121102110112222001211010012011122101210001220010121201011011112222200110210112012110200012201121211110221001211111011101221111101201210011221222222122211101101120100011021011020212022112001110120020011102102020011011100222101211202010110221012122001120001010011111021100111101101121112120202120201101022200101101112110220201220102222022200221221102202001211022012111210201201220121110010021100010200212110112002122111112022122110121012121022211112101010001121211021102212002001212222100100022220211002211220212120020022020112211122212021102110001221211020202201100122211222101202222211111102211222111002211210
529 12010220122110120110112120110111221111221102121011121111210112002200110021220202120000022121121202101111101201111200000012200012012211010201220010002021101010121211002000010220201120121101200121012000111210001210120101001122210211122110010212202110012011220220021220002012111101101100211222012120011111010111100212221100211121111212022112102110111111210002100121222020112021202110021110021111111011011011111102211100200211211000222112011011100210101220110121212220001001012112120101110202221111221100211001111201211221011110122212210211101112002100222021122111112211210211211110002101120200112021112011112110101122211011121122112100221121101000102020221101210211101002202122011010011112121110111110102112112022120112101112211221102100220121121111100201220022122211210201212110111121020202010201211100
530 01111220201221121110001011221102222111112212111022122021210101202101101112210100121211120122211222022021221111001010010101011111012212022211111120110121110022021022001100102211201112221120221201122011211211012101100111002200212222012100111212220011002001211220221220211022010000112002122112112121100112001000110121201100211121010211012122210210211101021010000121202211211012111012011011122111201112120010120000022120211211120100221102002011222110100110010012102210011200121212221211000212222111111011210200011111200221101220011221120220102112111211212111222100210211221212112020120010120201112021110111122002222121111201202011221002211211101100011221221021221211101001101011101010021212201001110111201112201120020100222020212211202200020121112021202010110021121220221200120212122211220222100010211200
531 01000121202121111001001021021022110220220211001012101011210101101200000112210202022001111120210201011112112100111010110111100012202202122201220211000011011011010012102012000220212121010010100101112102211120011122011102202121111211022110002002210000022100221220222120002011212111112021222100112111012211100000210202220100211212012201222020121101112210021001021101112020220021111101120110021121101000021001011111110220210001020210120112110102122120102120120021202121100110220201120201001200102102120101202101002210202110201221222212121211201212111101011121111011110210221222111020102211121201012200202112211110112021201120211222212110012212012210202022220111222210112002222221101100102122201200111212210022111011010102212122121211221201211021112121211111120022212211021201222001211222220121000220100112
532 01010220202221010000110020021000210211221111111012021100120210102110012211210201021100212211112122120001201110212120210102112122211002021001010110100021102122111002002012002220212012120110211111101010121212011212010001102111001222112011020122220110002002121210221121201111221201020102112122112221001111011020100111112110001112012202022221221101201021011101120210011120201111100011011120121000001111100010020122121210220012111011222112002100222110110211012121202011202202110112111110110201212212121002112111100220101211110211102211211200022122102101122012122101210211110221111000112100101212110011212020201110221022222210111022012111101221102220102201120121221222221101211112200010222122112221202222110121211120010102221012221122220110011220211111211200100022112221201202200212202201221222020210201101
533 01102222112111210101102001022110100110221110020012201210000201211101101122210202121112112220211112101021200001102010010211020110102221111200100212110011112021012102002000100221102011220010100110112111211220001110020000201122011222022011110211100000002001201222212201102211212100021001221211000120002122021121200111112000210102101212212211112112210002010101101211121110201121202000012121010020101102102101020202122200101001222111221012101001201011110220001021102222111201101201220200101200202010111001202001001101202211002221112211121220202202111222220110211102211002201211110212011102111201022010112021102210121021111111122122022002212102101111001021221222112212212012212121101101002010211202120221221120200100020201110011221221001010010220111011201101000112122221210100221112212211211112110111211110
534 01110220112211221011201010120122100001200210010201210111100220000210011222220101121001112222221211222201211210211000001121011001201212111221211111010010211021010001012112011120202111121221010211112110212112112211021012100122012221001000021111202001001102111220202210101102211100111011222222201101022210010212110202202210221212012212022122120212012002010111011110110120200010201012001000012111201011210110011212101121012101211120222021111111221102002011121111210221201201111101020202001201000102121101211111101202200201102111121202121220020212001101021102211011111212122212111011212211002221012210202121012121112021202101221201002102221221011001202000220210222211002122102121212100002121102102121211112021111212110200211022211122011120101120100112201220100221211212111101111101202211200222100110210202
535 02110221202222111000221020122122100211112110021211201011110221111200112012221100021112020220221202110111112110011010021220012112112201011201110212010020211010021102111012111210202021221110100112202011211221022211110011110120121202002110110111001111010102220211210211002002202010102012212212212121002111110011001111201100210202101212011112211201211012011112010100022110101121202011010021121111211112220111121211222010110200220010211102102020112101001120111021201222010120121200120101000102211212111101101110001210200200111212122202121221101102221001122211211212220122121221121221021011022101120100212002012020012122212110122122012002112110112211112121111121222100201112212101100010011012211201112120110021110120120201111111212121011210011121102021200210011122002101111200220010211220011122000010212212
536 11111221022212121110000100022111121101202220112122210011221111002210111112110200111101012221212212012011112201112100101122001002211012112202101020100210002021120121202000200110202021211120100012112110111211121121020112121102111211002100110202111000002112120120201221101102101100001000221212112000101111110021100211202012220112211201011211222221211011011111210110121020201022212101111100220101212111210221011201022200201000211210211001102011102000121121120112101112111100111201210200010202101111222011112101100110212200002221112202221221111102201111222112121210210211122212121010120011120221212100002002021111001122112111112011021211021220002112102010221020021112211011202121002101112211201202211121211121011011020101112122121112000010012211001022200210111012122210100202210120211210200222011011221211
537 12120121202120022201012121102111111201111201022011121002120211122201100112210101220002101221210111120012110110202121001022001012111222021121120120121112201021012221101011111221101112120111210111202100121211011212110120101112011211002011121112110020102002221222212102202002210100110101222222112111001121001022102211221100211101201210001110012112211012020101101121111110200021201112111110022120111101111001021211021020200001022120212102211001211110200020220121021022001100121202121211021112220120202000111100000212111111111121121212210211111210212111222002121001100211122122120100010001011120111200122010112112122201121100112022022102211212102010002020221220211212121012222110102000111112101201111221211111111101010202112112212221221111020222002111211210200012222201100202112211121220100121110010112110
538 01112211122120020110101011112201110200210001102112021011120201102112201022210101111001022221222201110000200210201110010122111011001111111111220222010021211011100212002011102220101011120121120111222001221012001201000020210110002212111200120221111011111102220211202210001111120110011021221101021011012110002111101212211111022211122202122021112202222012011120211211022120201021111022010001111211001212220011010111012110210201221020112001110000212010001221211012002020100100211012121201010112210212211111111102000210101201112221221202121100111002212012211102011021111201112111010000111011121121222011222101121210211022101111122210111102222201211002111120220111110122101011202222120200121212111211112221121022010110120202120112102122110120010120101122001210100112110211100102202000012221001212110202111100
539 01110220212020111011101000022011100221210002111111000111200110212200200122210210221012120210212212212111201211202000111122102112222112111201110201010120111021021211001111002220111122220010201111222010200222011101010012120120001211111101020121010010102011210210212100202211200100212001122201120122011212120202001221121110121202122201120121122121221012020102112000222121201012202002010101122021101211221011010210021010022002112200221012000110112020101122121222002120102111111111110202010211202111110100002001101211112121002121011202211211102222101111122111121111221001111110000110001201111200121020102012121211011011211120102121122101200101002000112101221220122211102010201222202100101201000201221220210121010001120201200012222222110210000110102020212200010022022211211212101001222212211201120100210111
540 00010220202211221011110111111112021121210202011022111110120211102211002122120201012001111220211122111011102210120001011202012012102122021202000021112020011110120101012001001210212112121210201001012101211112102120010102112201110201112010222122101000102102110200220211101112211111102022111210211120012112010011100221110020101121002201020121122201222101121112001120221020221210211010010111121120102202200111010112122110220221011100120002002021211120210120021012121212100100121212120220101201201022201000122101100221201111212221122202110120211102201101222112222121011112211211112100022002220000222010211121112110012010121101222021102101202111022001022010121200112212002002212002100120001220210221102220211120101011010101212110121121111110110220221011121200210002222211221200222110222201200222010221212200
541 01101210122222021000102011111001212110200010111121011101100211202210211122221101112102010220112212011121102100101000110112111112101201010220100100001111101121010001102001111210202111121210111020212010121221021211100202211121110212002111120011220000012202201211211211112112202201001102121202102120021011011112101122211200211212011212112221222012110001010101020010021111202120001112002100111210000102210021000112022210110100220001221112102100122211000220022011012012102000221211021102101201211100122100201001100001200211011221221221110210201022101001212212122102111111111222111101012000111100012111202111010121222012201120120122122120212212012011012120120210212111102011112221010000212221121001112010222121201211000212221121211222121210212210202111201210110021202210110211211021200211100102010210210211
542 01110221102211110101221020121012210201101101021121111101000121011201012022121200010002010211222202001222201110112000011111002202122211011101101211010021201020022102111111210221102021221020110121211001111220022211110021210111111201002110011202101012011102221212210220002002212100112111222212122121101121120122000110202100211202211212001012212201100121011011010101022110201121101111001010021210201022121110122102122010000200120001221112101010212100002020111022112122010111021201120100110101202211222201102010100221101200112202122102012221100202111001012112220112110211122211122122121002011000221210111001111110111212222000022021012001111121012201012120211120222110202102112212001100011122211201022211021020120111120202111012222121001120101221211120100210111122002112110100221101211220100221000111201211
543 21112010112212011011222111021012100121110111010021211101120101012101111011211212000010022210121102011121102220001010022002121101202222110200210221011121110120221112012111101221202011221111100110002021121222201201011001110111110212011010111012211020002202121210122200122101211101011002222201012121011202010122100212201212122121101202010221102101221211010012100110222120210120210111112011120020212212211211010112222220120102101100112102102100111110101000000121112221002011210201121200010212201112011012122001002211101110012221121212101220001101121011122022102211102101120110220110112101110101212210102121112100202012221200221221012222211111012210012022221121122211112002101211200110101011111210100211121010101220021200221021221120201200100011102011202210200012202211110210221020102022200121020220221211
544 02200221202122122110122020022112200201200001111221010112210211001111111120200200121002212121221222110000201210001100211101010012202211011202000122201010001021010002102001001211112021221221221120102101120220001111111102102011022222012010110101222100002102021121212110102102211200102002112222200112001212110120010210221000211101011202112122221201211021010001120111121111211122202011021110021010111211111110100202122110211102222210211012022212222110011220001211102212110212120222210201110202201221112102100001001111211200001121022102120220111211212202112112110011200122211221121111210001010210210001012101122222222011021112022120112010112212022211012120110120221101111011212012120101022020212210201221210020110110110111211122222221210100012221222000200210211002111120120201221011211211121111010101211001
545 02111121111102222000101000012002220221111102111122001022121210101211211122211101121100112120201212012120211210102010021112002112002112022201200121012120201111121212002001101220212111020210201101022100120112002202011202111201101112022210101122121010112102211220201210202112111101111010211212111102101211010021200212101200012221101202021120222201012101021001011111112020112011102102011011020010200111221020121120112112120212211010222111002101201100201120100220101110102201020201221200010101211011120101202011120111111111201221122202220210202122202100121012111000221210211111210110011110121201101012101022011121110112211201021021112102212222121200112120212022012212211002102221011101112210112110002021122020212211020101221122222222101110110211222021110120110011110201011100221001112211210122100101221111
546 01121220112121121001101112000002111221211101002222111102200200002002010202101200110000111220121112111021211101101110020112210022112211021211200120001021211020112111002002111220112122111200210211112000200212012211010012100210101222211122120211111120002002111121201112211112202110021001212221112111002111111011220110112210021222111211121121121201210022021201020121221110201000201000011010122111202111111122121122122102210100020201222012102210102010200220012110012121101212222212221202010101101110122000010110111121112100011111122212220212011222200021111012122211111211211212121010212011110210111002201011211111121022220011112021011201211122012120102211210110222111101111202222101100122112110212122112022120011210220111122021222221201101100211122110000110110122212200211200212211202202212222021210210212
547 01011121011212212020101010010012210212200102221111111111211112102201112121200201111101211021222002122111111110212011010011011022122101010201101021101002022021111102102112111210202022221121110100202001110221002222120012210212111212012100121111112000112101211121121220111211120000112002110111012022010022011002100111202201201221111112122210222212202101211211021010222020201011201012012000111100210002100000001102022100220011110010210112100002121011101210020122112121002201100121120201110100202200122001102211200221102220202220022212210111001211100210122111021111210111221212211020001011020211102011012112102021221111211201122122102000202211021200212110121111221220112021202212111111021120211200211220121120022112020211211021211222111011110221112201200210001022211111220201211100102102221112010110212211
548 12110221102210111212112200121000111101221112022022210100010212002201111122112102221122101211202201002111202111200010010021102102212221011102220101000020111020022102001011100210211101220010210112222211112122011211110112110111011210202210100200220120112002010221211221201110202100002111122212122111202111101021100102222100221202012212221110111001212102200212102110222121201121202011011210122122202211210211011111022000211102010100210122000210112020111120101122011222000201001101110200121201211112220100101011211211212200002221022111210220000212010102122012121011121212210121120122102001011100012000212102112120221202211101010220212121211201022100012210221110121202212012012122002201010011210101011211210011021102121111221012222201001220011020211122102200111012212210200201211110221222201122020101110201
549 21010220012111021220202021110012120121120102020022211110121112102200010122220202110001122221211101112110211201002101010112210002002222020201211110001021201021111111002001100210211120221000100111022000121211001200120012000122110212012100120221201010012022220210110211101112122100102001202221001221011022021111100202111000201221112202122221212211201222121102001120221020122121202001011120022221111100120022110102122001200111112001112112001021201100202210110011202221010100121101121211010102121112110001221002011200202211002121222212220211002112101211222021111211201102221221211000012000120110212010222012222110112112212011022222022210212020111000102020221010111211112011212021000000010112212110122121111221112122121211201011211221101110110120120110100201221022111100220202211110211111011212120111111200
550 02200220112101121001221210000000201211210011010021110221110211101200202122200200122100101121122211102022211211102000002022101021122212011212110112100110201010022111102111112220202111221220111211111000211222012211211012211011102120102111101121211010002002120121222111012102211100011211222201120112001121111001100202212010120212102202121022220011211001011101010010222120201221201010002120021020200212102101110211111111110201201100221012012010112111101110010122122112000112222221220101000201112101222000102112011120220111102110121211220220201202121112012011121212102001211111110011111111121210012021202012222121221022120010212122122112111121102200022111221220012222202121201022111200012122200111211122111011201101020100001011222121211020010220211021002210101012021212211102212202211112100211020011211111
551 01110120212212221110100010022012221112211111011010111121100202112111200221111201012012200210112112202221102110101000110112011111111221011111110221001120102020012012112001001220201020120021111121212102121212001221021122211000002222112110112121210010022111221221210220202102200111002112212211102101000112002021100121211000122211012202111121212211221001010001121110212111212122102001011101220121112111120012021201022000222101120000222012002011021201000120121110012211100110111211101200111201102021100112112000201110202102001220112100220221201202112001222110112122100122221211120200011202010100202010202121122122012021212200122121022101212122112000001121112020222222202022210121101200101011111201121221201022100012120201202112222222211110010121211010000210200022121212211102121211212211201212020112210210
552 01100220202111112111210020020111011112201211111202111122210210001211111121221101121002022221112221112110201200111000001122021012201222001222121011010020221010021112002011012221202012220121101101122100201111002210011011010122012221001010011121201010112101210221211210002101212101122111211222101011012210021111000112102200120212112211021022021222122001020011100111011120201110200012010011121012211112110120020202100121111212121020222011001110212211001111122111110221111200102101110202110210101002020202211111211212201112101121022212110210111202102102120012112021102102111122111010212112011221102121212022021022222021211001222211112102220122011000212010220211222211112112102121102200011122112102110211002011102112010201212022211222010010111221010111201210010121201212122101220202212212200122100110211201
553 02010220102221120010112110022112110202222111021122101000110220201200202112111201122112120220212212111222101221111010011120012111102211021201120201010020220000022202001112100220202122220010110111202102212122022210111012020010111201102120110211011120011002121212200221101111202010002122212222222111102011000012000221210110220202011221111011222202201102100012001010122111102021202011021021221110101101220002021202122000210100210010210102001120102101001220100021112122000211011201110101110201201102121101202111012201210210111221112212122220000212112101222102212222120222111122021120111011021002121011201102112120021022221000022221112111111111012101012121112120122201201002112212101110011011212101112120210022001111020101221111212121010221110110202022101210000012112102211200220120211121120212000000201211
554 01021021102222121021211120001012200201111011220022110111220210102220201121212202011201121111112002000021221120102210020022011022212112011201210122111111011022020012012110001220112021120101100201212100221122012111010121211111111221012110111022111010002102212211211200211101211101111011221121212010000020200001101011102010221111002102121221121101210002000010010110222010212010102201000021122011100122010111010210121121211100011201221122112110111101110221122121011021101100221201110201011101200211110001101111110222111221101210102201221211212212112121112022012212201102120212120121202111100211111010112011211211021122221200211012022111112221012100002111211021222122002002102222101101011202212201220121112021200220020211221122221211002200000121112011101210100111122211220201211112112201202122200021121100
555 12110221211120221010002010021111200122210012111012110012210100212201100022221200121001120211201212112022211222201000110122101012212222122202110211010121211010022121002110002220202022220111110212212000201222011002000022110110002212112110120110010010202000111221221100212202211200212002021201111022010212220112000222222210121102112210221222221111221022121001111100122111212012102012000012022010011200211001010211121120121002011110221102001120112120001121120122101220102201021011121211011201212211121201101011200111111121102121021201112221202222201111122122120011220101210011111120002100111201112011112022010111112020212111111111222000211111002110122111221221222211102001201222102101111211111101221211111121010001020200111112212221120110010110112020212210100022022211220201202102221211211111110110211101
556 02011122102211222111102102110001221221111112120122011022210111012201211222200102110101120020212211111020111211202012011202010002102112111201110020101021111111012111002002201210202022121010110201112001110221001202010111101210100222111210220121201000112012111221202121102022200101001101111212011211002111010121101222102210120210001122021120222111111002121210121120212020101021112111000111121120201121200101011102202211210201120020221202002220200100201010010221102011112101011112110101110100111120221100201001001111202201201220022202021120101011202220111012121100221201212012022120002000120212002011202012222021121112201201211112222000112222022200011112211121111212022012111212111001111200112111111010122020210012010111111111211201111111220210202011011121120022211221120100212111221201110222100100210200
557 02100221202221122021212112111112021110101111000112011101200110111200200022110110121001220221222012112102112210111101011121000022012112011212100121110210111022020212001011121211102111011000201110201110110111002102010112211112012212012111012212210010122002121211201110112102120200112010111202112110001010221010101110212110220112011112021021222201212002110102011011122111221112102002001110022112212002211020021001012210110201110101210012111111111000202120110022010112001110210110220201110201220101102110111011101112200210202010111212021212202112202111122012110011110020122212011110221011211111010111221111102110221102221220021121222200212111002111012011110010102211102021212212200102102211212102120100221111210120110201221021212121010101010220112021101100202122121111221202210210222011200222010100222100
558 02200220202122122000122111022001200220110111020011201201211210001201112220210110122101210121121212121021000010001010020111012022112101012202212221000121001000021102112000010211112111220110220221221100021211101101120112202212111211112221111011201020002102211122121121102112221210001101122212211111002110120011000222201210211101102212012211220212111000021100011210022000221112211000012110021100202202200021000111022100200102121100112102002110102101101020221022102121101200120221110201010200211111101102111101000111001210102211122212120210111001202211222111110201201211211222101101110102111201000001201011122111202012221120122111112101211101001110222121120221222111202102122021001100122122112201212221111010111101020102212021211121200110011220211220001200200112112222212102211002212111101202010110221200
559 01112221212210122111002110020001121220221112011022112021120221001210201112201202020000020220212102111011211210202011021112022012012211112201200121021011202110020102002111101220211111221210111111112000111211002201000111100211111222112010120121110011002012111212200200200120020201012101222202012110011010111011100220201010110210011212122020212201121002120201121111112020112021112121000010021110102221220220011121122210220211211010112101102110221200201020011121102021100201121112121210000001220120121100211101101212201200202221022212120220102000200011111112121010220201222222020220102011121100102100202111022111221122112211121021112110222222012101012100210121212212222012202212101100022111212111101120120021021110020002120122112122102110100120101021111120111112220210220102212011212201100122010101120200
560 02010121102220102000010011011012021211220111011022112122110211202200110222121202122102111221201212001122202111210010000211001102202201021100220200000020101011011102001012000220202110120000110012202102201121012221012002111111101200112121001102210000012101112220212120002010202211202111222201012111012112000011110201221110220202012212221010121211112101110101111110122111211122201002021110021022002000120002021211111110220001020100220122110101022020102020210021202221100010111202120201112200211202120001102112011210201110111220112112121221101212012201121121211011120111211221210021212110020101012100211012221220211121211110122121212220102212022100112122221221222211102012122222001200011011102101122222210021012011120101212012221211110101111120122022202100210012212212111202221110222222210212000121000011
561 02000220202212121011211211010011121111211201021122220122210210100101100112110200012001211121120212121122002200011010011122110021212222010111201021000121121012021011001012122220102112121121211111102100111212011212011002210101002222112211001122111220012002220220201110002012111100001102222121011121002021110011111112202220121202201212121110222201212212000202021020122021210101101002012010012211221011020120010011012101211001121200211112001121122010100220011021021121201201110221221202010202111102012101100011100112100210202120022222120121101112202001112021221212120111221212120020212100100210000102101000111110120121212110222122112201201211002020012200211120212211102012202221211200112022201101111221121121210220120201022021212121101010110120212110000121000022222201221101211211112101111221001220221211
562 01122111212121021000211100011001001220010010111021112102211111102201022220211210000000111221221112102111102200201001012102120112212212011211210021101020200020001111201210110220202011111210111101112010011222001200010102110022011112102020111222220100012201212222202200212011211000000111212211012020011201011111221222211211111221111112110111122101010012110011000211222021201121211102012001121001100212121100011212022110220111220000212102201101112111001110021220002120100112110201121201000102201011211001111100002212211202101200121222110120101212110022121021122222211111202122210210121011111202222111202021101020122022111110121120221111112221122200022120121121221111102011202120000000012221102100012201120020101110121101111121111021102110110220101012202201120022002201111201221101101202120222020211212210
563 00010221202121220011110110022111011212210101001122010101120210102111012121110100011002222120221222211001212210011000121102001022212112010202010011211020002011011000112001002200112112222210211011012101210212101110001111202101221211112000111112201100002102020210221220201002211100001011111211221021011202020011010221110010202012002202011221122202212111110211111110121120221211202001021210020020202202200110000002112110221211112010121002012111212110211120021112011112100100220222120210100202111122111001211100001120200101112122022202210220111211202001221212111012110121201212001000111002110110221021112111101211112021121001122121102001212201022111012010120110121222112011222012010220011120221221202221212120200011010111222011121221111000100220211011211210211012112221221201212001212202200222020212201101
564 01021221112111121121100111121021000102211111100211211000010210101200002212220002021101122221222202111112211211221000001122111012210202101210110120020010201022111002012101021220201111121210110111101000121202111201010022211121102221001010121012211001012101102220201200002102221200121011222222101100011111010111110202201220221202111211022222011221112002000111011201121020200121102111011010122110212000210100112212201211011101120110112111112011222011001120012121111220201202111200121202001202111112110102212020101202201200002222121212122220020222110110110112111011112212121221122011221101111110102200212111002111212012212001221201002212211221011111112000221211222210001112202122101000002122101202011212111021101211010200212012221122001120110120101212201221001220201212111200211211112211211222101210211201
565 00000122012112101010002010020012110211210000020211001010220121112201111212220100122101102120221110012011211220202010011212112122012111000200211121201021112021012012102000002210112121220211100101122010120212012111220112200110111221012000120012111001001001221221221111201212221200002011121222012020000120002102110201201202211122112222102121212112202012111000100020222021201011111021002200110011201222111100000101212000210111200011111002101101022110201220111102101121202201100200210200011100201221022102102211210211100211101210011212120122201202100111011111111220221101211222011020011111122211112012120022101110221122211210122122211111212111011200002011221010122122011012102221110201022011202100100112211111122110020200111021221222111220110211011111201211100022210110221200102101112111121102001121210101
566 01111220102121111201102211011001121111021111021121210011010210112101101112211201220012102211210021111021111110211010111122112011011122022122220221011221202021022112202022111210111012120202201211211100210210010212000020112122011212002101121222200010102101220222222111102101120000111010222222002101112121010021001121111200210102101211101010121212202112020000011120221110211021201001121201121021011202212000120210022011101102011110212002111111220200101120120022111122101000220212220110021121111221102011010100011202201111101121121212211210212221102202222112112100101222112122221211011011001110011200011021102111221110120200112122022002121212012101012121220121110222011012221011101001011212202202211221120010002011010211102012212211221111110121101112111211101022122201110201122111121221201022110020211010
567 01110220202212020012122120212122221210202001120122211101221110012201100012200100212011112110121212112101111120011011110012111112112000012112121020110121111122021202201010221221100110212110110202102100111212021111110011100021110221000211021202211000112001220211102122202102111101011101112211102111111221010210000211210120211101111212111012222201211022021000002121122010201021201111010110112110102201210010022111122020210200210000201102001101112100202111100022212101010111221201220210111101201112222101110101100122201111011220121221121210110121202101111022020021200120210222110021021101020220112001012022011102112112112111112011122110210222011200202120220100111212102012222021201001122222011211122221112111000112121102112112220112122100111220212112011211101012211220121201222111211201210222100222211200
568 02100210202110122010011011110102212120211211000021011110111101102102201111220201120112110121222122112022221012102010110212010012012102112211021120000022121112011022102101102201202122121220211210221021221210011111110122112100101222001000011212110010001101211120221221111112101000112012122112112021111001002110110212211101221122020220012211120101222001011020010021112112211011101012011012021011110102110010120001122120111202010000111012001101222000010120021012212101011100111202111211010202212121112110211100111122201110200211011221210210101112111110112201122110210210221101122010111011120201112010211121211111221112112101212001122102202201112110101121220120221211001001101111001010011212102102120221211211102220020101122121102220202110021220222011102020110121211210221201111122122122121222110121220200
569 00010110012111111001222111202101100220220112020022110101111220212201201112111101020101110021022012102122111101202000120122211222101001020211210110000220101122220002212011000110102020122210210112112010220211020121110122000121001212001101110111120000021002101211212120002102201100111002102102102020010122111111110111222211221202212222002201112101101000020101010020221202210010212121012220121120101102210111010102122111010101022110221012102200012010101120001121112011002100010211010201110112212010122000212100111201201212001210122212211210211112101101012202212011110101120112220200012101220201121011210212000121122012211111222121001011212201101000111021121121212211221010112221101010121221111201212121210010212111020201211222121220020021021120111011201201200012201202220100121122201212111112020201210210
570 22110221212111021200012110001111121201110201022020220012010112112211110022200202120001001110201211020012211110202110001022001011121122021211021020012112101021021210102122001120111212121221210111102010220211011212010211111201002120001010111111100021002001221121102102202002210100101011222222112011001111102021101220222100100102210211111121122101220012110102110111002220101021102122011100121120121212100011022100011110210102121120202012212012212100201020121120112122101000221202221211121202221120202001111100111212121110011121122102210210100120212111212101021102101210211122121101011001000110001200212010012111022112111100212122122102212222102111002120120110222201222022122221102101001111001101221221221011110000020202112111212121221211120221101012111211201012222210210202202101022210110121010100111111
571 00201220002020111112101000111012100101200101020022000101120210202201200212011100022101110022122112022122200100100000011122112112202212112202210120100111102110120001111101100220212010120120100022102000221211011221021111200112012202012010110122111010001002211110221200102202221100002011212202211111012121111111010101201200211212212212011202122000110101020022011120121111201111202200022121111010201201212021010102022101220100122110122102002110112100212120111022101010002101001201020202000102211120112101102201100201102200101220122202110210202202101002121202222011202021121212111111010112211200121111211212112221122022121100222010011001222220012101002222121020122222111012002220100111122211202201201121111120211101020200112122221221210110111111121011100111200012112212220001111110222210112111010201211200
572 12221121102212011200112111011101121200101002211121010021110111111211201212101110121000022100221122011120210121212110010112122021111112121202120121101011110120210212001120022220212021110100201100122010110022012212110211201210102221101110010122220010002012022222211220201112211101001102221021102121001121010111210100111211222111112201012121221221211012000001010010212120210200112101010111021121211012111021000211121010221100021011221001001210211110022221111110102220100101111101111001010102201202202001012121101122111210111220222201111210212112212100212002022110200201120211220021012100210201211110211112211120010112121112122021012102212211102100102111220022212102002002212211000001011212211110211112211120201100010211222012222111001100010210101021201120210111012211211202111012202211201122121210221211
573 00201220122011021100110021101012020212100012001221211100210110202101110121120200121202001220121212022110201220112111011112211122002211101202200210100110111022121212002100201120202121121221120212112020210110012201011122110212010202002220011222002110212101120210211112212201120010002012212222022021002021021112200201201102220112201111110022022101211002011101000001212120000011102001012101011101112212211120010001022201220112122010122002001000111000202220011022001120102201011101210200020101102111112021212102001020201212101210212202221221211112100010112101001012201111220211110000010112211221212022001011002221212022212211212112220212122210211100101120220021121121102112202211110000101110112200011211221120011021020101121012222122011211010220112101010220101002212221210201121111112210011202121211211211
574 01101220012011220101011020110102110211211012022011120101110211012200100121221202122002011211222222011222111000202001002102012012112111021101110110110121102020021101112111200220102121220010210121122110111222021101110012110011111221002100102012212111012002112221221210002022221100102101211211111022102221011120202221212100210102111101122112122201100012000111111010112011202122101111112111021200110122121110111002122100211201020111221002101101111110012120021021102122000202121202220201100000102110122001212101101101101210122221122111121220210212002011212022110002110012122202121022112012111100222201221011112112220022002200121022122001211222002101012220121120222211212002102222000200011222201200222011121120121101020201000022212221111010110120221111101211100122212112220100222202101121210121010122200211
575 02110221102210210021001010111002221202121002021012112021110211102211121122120100122112211212112212011122201211211100100010001011201120021111110211110021112011122212001000101210102001211010200220212101111122002221021012111101100211102121100221100101112001111220122121101010201101012002121122111211112022000011010201211000221212010211120120222110201101220101111221122010201121212011021100111010001112200002111101122101121100120010120002001100101000001220010022012122001101111212111210110100111111210100102021102211201110122210111002120210011122011201222022221102220221112121121021112001120110221001111112112110121222222000121122112111202101012100012112121121122212112112002222102100111100211112011221101011112010121201222022222221101022010120212010001210100021111202201211221120222212210212021121210101
576 02010120112112211101110101001012110111120111111022021211120102111200212121221101022002122221212202111102102210102100011222101122102211021202120110021200101111121101002001000221101011110001220221102112211122011211000112101101011222011100010112212012012202022221220120212112210200021112112211001110001211021120100211122101111112002202121120220211121202211002001021101011211120101202221000021111202011111010012011222110221100111001222112000001011101201120020021212211001001022022220101120202222222201000202101011111101111011221122201121211102102101110012022021120111111110202010120111001120210211110211112201221111122201211121121122111111121012110101022221022212122101001202112101110112102020101210120021122121101120111211122121122211210211220111021000210211022222221211211212211112012121211120011211200
577 10221221012112122010111000022012121200112210021011110001210121011210212111100100200102111121211212001021122100121110111122001002111102122202112120000110001010020112201000101100212020210020210012212100101221012121120022222102011220002210120102210000002001210221211211201002211100002001221212201100001121010010000222201011220012111202012201221120210011010010110210122010201112211011120011121210211011100120011212122100210101121200211101102110102000112021221111212122221200121200110201010202102011211111102102100111201200102220222202221220212202211101222202120110201221022212221111220001110211122010101002022011101222121021012010112102122221001111112120121120121112212011212011002102021212201202212121111021010100020211002121122111100100012221111011101210110022122220201101201011201220100122010120211210
578 10010120212221120120100120101112011222011111011021121001110120102201011012210101120102011121202222212210102220101100011121221122112112022112010220110111112021022112102001102221222111111200221002012102220121022210110001102111102021112211011111111001002002221222212101102101201100111101210222210011111222000011110002220000221202100212110221221211220012020002210010122010200021200001020110021110111212011002010101020110001001121120211001002011212010100021211222112112101100020202121101000201102222210000112020001210200111102201022212220211201221212101022112011112210011201211211100122102000211001011102012112020112120120201112112012102212101222121112121220120222211121101212222001110122022021201200121210020000101010200022111111121211011020220112011101111101022122211221212212200110220010222000220011021
579 11010220202201020110100011010112021111121102111221000221010220110200212221110000021000012210211222211020201112202010020222021122121112201212200122101120200010221001002111122221001121110111201111222021220122012212121121110210212211101122001222120010002020211220222210202022202100201101111221111021012111000212200201211202221202110211021112121221210022000002001010212220201111211002000110020010212101121111000100112110220101122110222001002011212000101021221212102110000202100112010210010212202202112001202112202122211201101221222212110120202212202200220001112001101122121201110120221101020201122020212211201020011012121010002011012012222200102110201120220221102222002001122122101000002101211210110201122210101000020111221021222121011220021111101011102210201002222212211102211002202221211122022112221111
580 01000222202212021101110110010101112111122201101022111121200202201211100112001200210112121221211222112020211211002110011101001002122222122221101221110010012022122112002110112210202120220211211101222011201121022101110122212211112122112221010111220000102102220222211110112212121100121001211202122011001101012101001121100100210112102212012122120111211012120001011111122110210122101002012100121120202211121121110002021100100102211110210102002021212110100120120021202111101202111222220210220211121011002001200201010112201210202121022222121210012212212111221101011001210112210212112011022111110211201011100102002112121010210100202212122001201211100101011111121121121211012021102111000111112021201101012220101110100120020000102001210211211001010111022020021211110022121222221201221111212200210122110100220220
581 01112220121222011200112211120000201002221102001122120122010111212220221021101201211002121210211012012000211112201000020202111122012101110221221020100122101001012002101111111211212021210210211011022101121212012201110112111122101222102101020111020120012012112221210211212222210100012012211112102122200111100220100222200200221120011202112011222202112111011202020210120021211121212012001101122020211202220120000201021200210201121011110012101102101210011121011012102121201010221201121202221102100110111002212200112110212102102021022202210221021212200111122112111201120211122222220111022100010110112110212001012211211022210102022211212000122122212122012011122121211120212012112122102121011221211210211211211021200121020111212121222221122010111210212021200210212112212222202202201011211212201212020200201221
582 02011221102122211010112011122022100222122101021121200111100122201210101012211111111012121220220202100012201121111111111211111011212212001210220122000021112010021112112021111220102122220200110122112102211121021211010100101111021212002200001221101102011001221211211101002102212010212011211212112021002222020102101210212210220102111211121122212202220022120002110110021120100120202011001122121122202101220212121211112100120201210011212112112111102002001110001121211122111120111200220201000101101101002101102101100110201211101212122202222221102202211101222102111211221221211212211122011102021202121100122002022010012021121101112221012001122110112211102121120021122111111012212010101100002022201201201120111121001210021201212210212221010210011110102021210210010022012101111200111010212210021211010100201222
583 01220211202212111110200011021112220211112011100112021001201111102210202121120200122100100210101112101011210021111120010012021022011112011212110120100111011120121112112022022221212121020110211101102101211111002211011120111221211222011010102021220111002002122211212220101112221111111101211212212120010122110110100110101100221111002112122010211101200101000111010120212120121020001101012011011121220012101210110111121200210001000011212012001010212111111122111122101120012110121212120111101101201112110101110010001120211201022121212101110211202212202000212022121101221101211222202012122100100211111101011022111121011211210101122022112012102221112111212212120112221222002001122212100101021111201201211011211022112110011211222001222211112010000110201112110220220111122221212202201201111110211222100020211210
584 01001021102102221111211001022012210211211111110002012112210201102201211221220200011102021221102212112101112210122100121012111121102112001102110121010120001011122201102001111220211121221021220110111202211122101222021102201222221212001121021222201000012002120221211011122011021210121212112211111000010210101010101211121110221112102202002021221211221212110012010111111120210010102212100100121122211112210020011101122111220011211000121001110001101101211220121022201110011001112112220112100201112111111000212101101100201210012110022211111220111212102111122102021010212222200102122120012112221200211000202012112222212022212221121201011021222221222010202011220111212201201001202222000101102112120200210221001021121011120111211120122222221210112121212011101220201021211210110200222111112112121112110011221100
585 02000112212001211010100000010012121211120212001221211111100221012101111122210211021011020220222021102112202212111000001121120012112222222002210021010121202010012102001002221220101111120011110100201001010121022201220012011121011101002120120111210010102002201212201210000221211001012002012222112211011211002101100211211210122202001222111121021101120012110100100110121120112021201101012022120111102111120100011101122110220001121100222002200111212211012210110021002021210201221211220211000001202012120000210101002112221112201211222112221211202212202101102012201201111121210122120011012211110201122110201120012020111011202121122122022101121111102112212121221220211102002001212222100101001212101201211211222000210101120100121211222022121020110010100111102210101022212211221201111101221221201222100221120201
586 02120221111212211110211211101001222221101222110022102112100222102201212112210101211112110101212210112021122200211011011012121012212021021211110010010121110011111211102102111210202022222000110101212110210012001202000112001012101211002101221121210010111002120220201121101212220100002102201222011111102112000010211101111210211121111212022121122211211012221110010111121121102021202020001210222221102212221111111102212110110100110010210112011121201110001010121122101121001100110212100202020101112012210101200111111111211202010220112011012220101111102211222122120011210202211111211100022010121200012112112202111121111021211201121111121101202212011000121121211221112211012021220211110121110201202200212201211120210012020111211121211212201100011120211010111111010022212212011201011210212122110112110100220200
587 11111022201121112000011210100100220210201110121022110102110100202211201011222200022100011120121012011020110110111010020011000222122112001211221011100121110021010121102012022210112022120200111010211200211122122201110201202110200222112200021022220011012002211211222220101201211200011201222112201110000111210000201200001010222112101212011221221222110112001101020121022110221112100101101011022211211112200121111222111010210101101102222122201100212210221121011122102211100100111212120200021101201011212101111110100111211210201210112211121211112202212001101121021102200112210122121021002001110201111001100101212021122122221200222112112112111222002210212102221021121111102001112121000100111211202100210222012011100110020202212121222022110211011110211021101120201011221222221201201201112210211022110121212200
588 11000211122201110010001020202001110101210002120220110022220112102210001221210100121201212121221011102212110110101110002122110022012212011210111020110110111020100112102111102110101211211110110220212101120222012210120112100211101111012102121122201000011122110111212210111102121000111101121201112012010122011112100110202101211211112112102111021202212022111012001111222110201001202012102210120000210002210001001101021000220201110000120121111000110120200120020122002020102001100100111100211101221211111000012111111110011221101221021202221221101222201100122020121111211202121112101111011102011210121022101112102111222002221200112112222112221222112110102021221111122211012011102221110100021121211001211221112201021020010210211020221111112110010221202021221220200022221010220200212102102212211212110201221121
589 10100220112222021100010111021101210212212102200110210211111220110100211221111101000012000220211212212022200212112011021022011111101112022202110020021010211111121112021000111220102111210011210122102020121012012211120002111021101211002121111121221100112002102221122220201122210000021102002202111222000120020121200202111001222201021222121122112200211102110201010022221120202021012110000110021001102202210211011101021100221202201100120002112010210201111010021112102121100102111012110212110202001210110100212102111200210111102222221201121221101202002110012021122100211202210222010020221200011211112110102121011121110021211110212012012101222211102100111120221121202211121202112121110110112112111012210222221022101011120100112011022222100120021121101011201111201101222222110102201210211202201022220102221200
590 01010210002212022001111011021212010221001002021022001111210112202212211202010100012001110220212112122021110220101110101212111012012212112202100121110112101110112002102100012020102111210110211211112011210211011211100101110211111211121121221101221010112101220211221210101222111100112102221212121121102121110122100022211120220002102202020010121212210101011100010220121121212020102120010111120110201121210101022201112120210001211100222102102011221110101220212112101012100101010201210210210201210111001000212101000222202120202121121212110121221112201101122122221211211111201111120001122001121211122000102121002121112121220202212012012101220010122100022021210001121212102002111121001000011111201211211212211011000112020200120011211122022000011021211011221210201022211222221101210211111101110212000010221210
591 11111221012222211101220110020002211121111111110012210212200201202101100122100110022002000010212211112022011101211010021122121102002221021212110120011121100011010100002201001210202021221020101012112010220211012212111202110202202202011200120022220000002002100120210210002202220200002011212212111001102221010120100102211100221112202202011102022211100212120111020111122221211111111111012120111220211112212210010112112220110100111001212102011221122200101220121022011121001100022101110201111200212011121202211211011200212201102210112202011221212201002202112112120021211201221111110112021112121200222102201102001111222111211011121020120011112211011210011221222020122211202011111120110110011210201102102122102120001000020102111012220122100210010111122021111120010012222212111002110201212211201101010100211220
592 01100121122111221110201120110200110212200000022021110111210111001201220102110220212011212121121222112122200111201000111112011022212122012200011111210220212020111012102011221220102012220120002002021200121112111212010122212121012221112110121211221011002002220221202200002101220100011011222211121111100211010121000111212010221101201202111111221201210101011201000000222121201111201100011121021021111102100101221101122120101101110000221002022100212100001120110111012012001101120210210211101111111202221101012102001122201121202220122101111220201222012212122012102212212111111211210110011201010200001110112001001121212021011111111121122010122121212100002122222120121211112012201121100200111221200010101111221110101010010212120022212121111100021120000111212000101022112222210212221011220212001112001111121101
593 12011220102210122110001111002000121112210002021111110111110221202200100212111101121211211212211112101222201111201100001021111011112202020220220111010120211021111202101100001120201101220101210120122201211112002211121021110110001101002212100211100011001002111212101220110101212200111202222202112122211121000122100220212110121211012122122000122111222012110002002021212001211021211002112020122011112012110101011201021100120100020000221002011010111000100020010221022221000200121111121101220101120221112100012012101112201221002211022112121220101222101112122001221012110102122220110012011101010110011011201002012111121112211201012121222111212212102111112021221221111211212012101111101200120012210102221212110101021101020200222002221121100120010111202022212210110012222110110201121200212211210122000100211010
594 02121101122221020111011011022012021210111010101022111221120220001211210122201101021001010120212121100011201011222210020122111012022111012202110120010110101011122002011001002220212122010010111001112102021111001111020111110121000221002201110112102110002001221221211110211112100100112101121222201111002210011110100121212120210121010202101120222212222002020102101121211020202111111102011001121021101112210111010012121110200100010011121012102121112111202121111211201011100111221100120201001202101012211200101202200221212202011212122202210211102102101111122121122001210011211212222110112000021100122020201001012022111011212010111120122001221212102100102121122121111212102022212121011001020112100201212221221121220211220112200011220122021211000212100022202200111022212201222001202110221222210222010110222120
595 00010222112221211200121021000012111111102011101121112210120110202210220122220100120100012220112012101122112200102200102112111112001101011101010121020011212100011002112111001221212212121220210111122000211222011200001002201112202102002111021022220120001002110222201222211101111110111010122222111220012221010112211121111110100211102202111111112211122011021111101010111020200020202011012012111100122211110210122201122220210102021101102202021201011011112220011101002211100100120201211101111101211022101001212000011221202202111211111212221220122112000122022122222020110001222111211220022001121101102111212112001121222002122100122221112211212211022200012221221120222012002001102211011000102211211111201101212020111211020110110011221212110020101220002011201120200022212201201101211010111220200122110110212210
596 01120110211221111111111110020112110110112100102021201222110220112200210122200200121112111220211120012011102110102110020122220002112111012202120120011221200001220101001112002210101012121010200011112111210112002211000101110212201212002201120001210100000001111220111120002002210200002001212212110111112100020200101121211110220111121202010112122202210112121001000112220111200001112101001010122020111002210100011001011211101101010102211112101221202120101120120121201020100200110211220202110101202021220102100111020211201112001211222201001221102112102211222012220022211112120210221111122010020100112120111002001121101011222120221110022111201222101110012210122120111201111021112221112110011212101101112121211120210020120102212001221022220111000120101021211110111022222202121101211101211201121212020210221220
597 01110220211212222101021021022011210211212002222111102002210200002201211011221201111012112121122201111002111101112111100222110122212121021221111021001022112022012100202002112220102000220110220111112001012202011211021011201110111222002201120012110110102201221221112111102101111102112102112112011220120012020101100122100011222210100201022021112112211012010202001120121121112111201002010110112010101112000010012201022010211101110020111001002000211011101000110022102211110010111212221201011200200211221100111101100110200210101221122212020210101122102020112001011120210120201212212120112112010211112021112022011111122012212101012102222100201202022110102000110010221212012021202122111100022222012211101221212121121120020200111010121121102110000210212110101122000012210210110101211202222122211222001121110200
598 01100221212211010001100120020001100211120100111122110210220200201100012211210201121201101110112222121111202210212010111212101122102101010100110110200011011112011012002011011220212112120220101221201000122202021201010011201122101221002011120122210100002002010210212010112021222100011102222111002120011122111110010110201211100222102201021221212202211012000201120120101120201101201011001211222010101212200010020112121221220101111000121102002100212210110211112022112120201211110202120100010102222102122001112221000110101210011210011222210200012221201111222112212211210210220222011001202110102201221012212120111121222022121110211112011211212210002120002101011020221221111001212121201120112022202211111222111011121121020101111021222221220110022210221011100211101012112221211201201111202201221212020211210201
599 01020122201112222011202110110101110102110011111122110112220101101202100202002100121011002120110221011021201121202010110112011012112021012212210000100120102010021011012021110210211002210010101001022221102212002221000102110212022122101002210222101020102012120221211100202201111201122022112211212120101221111101000120110200221200102202021100222211200211220212001000201121202022202010000101020122111212210212010002122210001001020100221002011011212110100121010011101022011201021201220221111111210101121200101112121222101201102111012200102220100211111102222002112202221212200111010022112100111200101110102001112020211022112201002221002012112111022000011210112220222200112002212122101101011221010101112221220211110111011212101021211101021211010120121201011210202122212212201111212021221212112122021201210201
600 01021211102212010010111111120111111210212001110021011022210010102200211212221200011100111112212111100021211010011210010022002122121102010102211021100100011022020102112012111210212122120200110202121011220011102112020100201211101122010100111112210011002002111222212211200111211100001001221121202120011120021020110211201110121102111202122121222200211012000001010220222120122120002200001120021212120012210111010112022110211000120111112112201101211022101121020101201020001101110212120111012100201211201101121010000221012201101220212201120221100212112102122012122110220101221222122020102111110201211110201122110220111112120201111022022012202222012220102101120021221202002102202112101000120100201201201021212121201210120222222122211111111200111210212112112110110011222212211101201101102210201222111010222200
601 12121221022210222110212000010011111101201101011101210111210210101200112122211202020002011221222120212101212210202010000220000002102201100211211122011000210121020102001101112210202121122122000111202110112222102201010012000222001211100101120021202012000202211210212210002001210200111011212211201011022221001101110212212100211221001212122121110211022002010101002111211121211021202102011000021210111102200100011112001210112212220010212011110120110101001020010111111121100200112202020202101102110011121000200110101102201212002221022212120121120212001101120012122011111112221112220001212101112211122110202222022022012022202201122111112101212221000001111000221220122211012112202210211000112211101201210212012021110211200201111122221222010210102020101002202220210111210211112001101200101212211222110210220101
602 01101020101212102010101011012111210211211110020122200211220111111112100012110101021000012210211112022111201210100100021211111021202202111112010112100111220020011112012001012200102222121011211200111111210222102102101100110012221222122111011002102001002102120120222201112202211110122102212200212121001110100222200221100211121212002211220111212111210020110002110120112211220022101120000021122000212122221211021101122110101201110100121112112111001220201120122022211211001100010202120212110211202111111111202101000120201222101111112200121220110112212121222022012001102011111122020010022101211202122121101012022211021102210000222211111022211121012120122011212200222212211001202112101010111210100210211222100120110111020201211022221221111111021011212020211210200011212122221220212010212001211222210110221210
603 11201220112211111111122020022101021221012110100121001011110201112212112120211200110101011120202212112110102201011000010211221002111212012222211021000020211020021222111000012221202122120010211102222012210210002201100121110212111222002102000122210011012111120222202110101211202101112101211222102120101120010110001122100200220120111202121022122122220111120001010021112020201021201002001111022121200112220022120111011000210111111000221001002020202121001121111011222210100112102111210211111202100001120100122101101221202212011121022222210211202222200111122022120001201011212102221111212002001120012001212022121122221021211101111122211120211121101120022020222221212202212002001122102100012102110202220112111012012011020211212010211222000110110221201011110210021021202222221101212201201221000012021012221210
604 11110121101211110020112021021101200210220012010121212112220101101202002111221201122100010212112122211020211201101110010011011011212111221202120220100122200200022001012100010220202012221111220221211101111212111102010112202111001201002120110101200000002101110221120111202202221200112002021212112122001111011020100222211211211112122212122221120201121010121100001210011100202121100111121020120100202112221012111101122010200002021210111102101120212100102220121022002120101212120112221200110201102221121101110111100211200221111221121202110210112111201111122111120211210202221122111010021001110212101111111122111101202111210201111202012100221210002110102112221120221120101101111021000101121222212201211211112120100001120102222122211211100000010120211000101210101022212211210201220111112111210022000121211201
605 02121220121211121001212010220112111001110101010111220211110221101221111222210002011001122211221111212111121211211000011112111011101212110212110021100021101011000002012202100210202121211121110101212211111122012202020012100122112222101100021121211010001002121221211211201112210200002002212122201111012111020212010112202200222211121202122121221211002002011200021200210120210120211002001101012011201101101110011212012110111100121110211012110001211112002011112011201122101110111001110202100101100111222001211100100101211212112110021201121221021202101211011012121011221211222212111002102211011110102110212010012222112022212100121211002111222221002111112001221110222201102022112022102010012220201102212222112021111111211100111122211222011120200220110011201220201221212222101202101101212122200221200220211211
606 01100122102222221110211010101102222221100021111121111120110010202201210101110111122002111220121111012022100102202111011112212021202221012212201110100010002021012002002011201210212012201120011002020101100222102221110002102121011122102111110121111010002012110222210210011102111110011202102111122120110210010221101011101110221111112201221000222201210121220102100101022121201022102100000002022021011112200112120102222210101010111100212002002211212000102220221001002011002101021111210222110201111212220000202012001121102221011211111211101210110122101101222011210122220111200101211122022110010110112210022100111022112002212101122222022011102212212111112122111111212211012001201112200101122121111101101111211211110010020111211102212111011211020121121201201210210122111202200211211111121111200121112001210210
607 01111210112022121100011100220102111011121001110012120201100121202200212022221100122102000220102212012020112202211000110112221002122002011101220111000122102221020111202010012210002120121010110112122011221121020101110212202120101222002101121011210000022102110211222120101102212200001001121211012011000121010201101120211201222112221211021100112202112211020111011011220211212021112111012221122120111112111110010102212101100101122010120111002210122110121120120011002122002111110112011111100212222022121001101001201101211210111121121212222211101111000001012211011111210111020112210110122100110201022101222111100220222010222110121012112011201210111100012120020221222211212100112222200100001110210202112110221121100110020202110021211221000100012221201011102210110121201112112211211211201222010122010121220101
608 21010221211211220111212021010011021100221102010021111212221220001110221222200200112002011220222122202120012200212000002012011122112112120101210120011122200021111101201001001221011012222221120111112000220121002101020022201102010212102210202222201000002201220221221211201120200110021001220211111021021122100021100122222110212212121222211022221201211000010101011010211221200122102012011111121000122002111101011102112110211111120110022012001010211010011221121100001221100101221212020101111102100122122001112112201121200200111211122222011220211112102211022102222101211221222121121111001101020201112201101012012020022022120201211111022010212211112100011121120121011212122002202212100211021200021111112222221020110201120212112220222111100010121121211111100120101122122112110201221101202212211222121201122101
609 10211221111221021101212120010112211211102022112220012001020211202200202111220100121002120121122102021111110201211102010111111010122211012211211010100000112120011102002001100222200022212112010100122102202221012200220001101021001211002112000011112010012002210221211210122012200111101102111202202020000020000011211211212120121112011211221202111111210000010001102100012220210021002001000000120121200222220011121101122120110011122210111102121201212001102120121001102110001201020122110202020101211012120101102001202012212210211221121221010200012122202101222020201011200211221212211021021110021112001101112102121112222111210010122121102121211121102001021001121002222212102002212120201002022112211200211122011121100110020222122112122211112100001120111010222110111022201212200210200010012220001110111111220211
610 12211222101221111010112000011111221101012101121112122122200212201200111112201201222111011122201221011112211120201120112102001101012222121200121111110020002121021022001101001220112122221211010112022001112112021212110111111212211222102200121211211000012101221222221200111122121100202101221222012121001122011000100211010100220112122110011122211112201012121101100121021110211121211001012111020121101212211102020101022201110112110110221122012122102021100110020122212121112202120211220111000200210221102101201211021121201212101221122212121220001202202100211102112100221221122222011110122210110201211010101110002101022021110102102221011000212210001101002021221011121221212002211010001101012012202100111221201120001120021101100102210222101110110121112111111021000112121212120210220110201210212212100100210211
611 01100210112222211011002120111202201121211012011120110201011110002200111221200101020112110220122022002121012201212100111012111012012211100210220021111121002120010102112020111220202110122010011120112010210221011111010212112121112212101001111012220000001001201211201212002212121100001001011111201121011111021111101221212201211202211120122122021201112122010212010110211111212021211012102222121210001112110010010001122210100202121110210112002111112110011220112010002122000101120201220111121102102001122100212001100201200210011221121201202220100111102111111211101202211202110112210112022000121201022200111122011221221011202111220011121011212222002200122120221120212101211101212221010001012211211101112011120121210111011101111120211221100100011220102021202210111022201221121210221112112212200022120112210200
612 02211210222221221020102110021112121111221211212000210112120120222200211021200202002112110220222101011011112120202110120011112012122222001202120121001210201011120001101001002220212112220011210011102110212221002112210011200111011222001200010112202120101001120221221020201112111211102001021212111022011210010100100221202210120011101210012221121102221001021002001101111220210121212001021110122020211202101111010002121201121010121011212001102121212000110021010121102021012201110002111201000101102112110002102211101211211120002210222211000212112112101201122120221112211112221211211120122110220120012020212011122120021021112110122121022002201222102220011020121212111222111022202221102100211121200202221110211021221121120202211011221122111121010120201111202210211022222102211102210011221211120222120120221210
613 12010120002212121011201001020012200101200111021111201111100221000100120212121202020011022221122222121111102210111000011111022002102212112211111221020021211111121001012012002220212212121210100211112121201212112202022001000112121221002000011011112011002202222220212201211202201101112101222211211110012211010212110211211211122222012202121122220212111011011002101210111220200020201011000011012100212102200200010222112220001200101110122012002000210111101020021121111221101102021100020202010201101111211000212112100211101211101211220201021220010202102101122012201110111102121122020021102211111211022200201121112012122011201000222111012212211120011000102010220200222212102012002112101100001020101201110211111011020121120200210022220221021110111021001121202220100111202212101111110000112202201221210210211211
614 11111221202212110010112011122012111201221211110112111110100212101100022112220201112202011210121102101221101211101000111111111122022201010210010211010020102021012102001001211200212021210120210102112002220121012100110011211221121211002121210100000011001102121220221221102102201100102002222211122121011111010102101111211100211102012212112021222212212012021112000200121220200211202012010110222010102112120210120112122100110200111000200002001011101201102120010011201122010210120100111001010101202112112010111010000210201201020211122202210211101012212010112122111102210212212112121111021011021202121110211001012111122122211121222121112101102221101201102021122122121000111011212111100110102112222200111121111012100121020201111210212221100111021121112020200220110122012102211200211120122211111121100120221201
615 12020111212121020110210010001101011220110002022021211011200110102202010221210201020001202221222121112010101221212110011112001012201122021221100121100121111021001001102100002120212112200100221102022101110122012200010001000022102122112011110122010010102101220221102012211111200101001111222221101011012211011022110110221110110212110212220120222201110022021001102121222021201020200002121101002000011212002001011211012010111110220110211002101112101120100220022211002021101200020202120202010112102111200100001010102211111202101210122212220210102121221011122002012102220021112212120100101012101112212012102012211120122022210000112011021101112220212110022021221120212201212111222220201000112112101201121211110020101110120102212111101112102001012220111010102211110012022200200202211210110211120221020211012200
616 01012210201222202010021101010211112110200110121111111121120201101221211022211100111012022220201112102020201211111000010212020111212211001222011010100111221010011212111000010210112022210211211110122100200202002112200111100112212212102202210022011001002002212221012201202202220101112102211211111120101121010112001122210100221212002222111012121111101012200201000120002201201120111012000011120011121111220001021102122010100211210000222011011011202110201120121022211221112111001202210210220211212011221111202201000110202212201020022201211210200112101201222022011001101222211101000110122111110210102021211012221221211211121200122112021012212112121010122121122111221221100001212121001101011122100101121111201021200210010202211112222221111211011121212000200210221011212122221100212110201121210212100120210100
617 12210221102211121012202021012212110021001121011011202111100210012211200122210200001001111120212002012012102120200000011111110011121112022222110011000120211011020222110000011221002021120020200022211001101111001111101212210221121222011200011122220011012001210221201111212212211100220011211211202010002120111111110121220100220112011212111021121102210112110011011111112110211012102102001010022021212012220010020012021120110201111100220101002011202110200120121021111211001101111102100200111110210011112011100020201201201201112010022222120211202022201220022012221011210210012202121011211001111112112010101001112221112020102100111211111100212220111111012110220111122211112001202121101201102101110212112101121021201010120211211120221221012212110220112021111220111012111211220202221200201121112122020020211101
618 01111211102022110011111110100002201121110011021111111002110210111200100220200100020001112222212121112121102110202101012002022012102111021211211021110221111010001101211110101220202201110110102101112110101121002100010102100022102222200011210122122010012101101221101201101022200100012011211110212021012200021220111122111210021112112112121221121200202012020110101121222021212021201112111012021100100112111100121101022110210201120000211002201011121122011120122111002121200101120212220212110100102211210100211001001121210201111220122212121120101112202011221212011112221012211212110121011011210211222111212011101021111022101100121021022101222221102101122120022020202201202012202221000100122102101201102201100020110120120202100222101101111100001220212121212200010022112210220201211202221212220222010111200200
619 02110211112111010000112022010102202020102011010010001201011201012211212021110201120001110221111021211010111010101100110012000122201222111100120210010022212111220022111001202211201022121210100022202110111222011122120222202011012112001021120112210010001102221111222201102201212100012011222201222121001120101222200210202200222212022212012022021202212102000001120021222021212020211012001011110122120102210110021002222200210102111100110002002010122100100120111112211011002100120201200201010201211222020100212110101101111112101101022211210210111122202011122002222110211111222011101010101010110200211010212021011120222021211001111011022101202212002020112110112111222110222112111221101100120212102202101211211120110222020101121021122121100000010120222121000010200012212100121202211112022211112222100121210101
620 10001120212111101000001111012012121211211201112011110111120001111210100121220201011011121220111201121112112011101011010111101022202202121202221221000010111022011112202111000220201012120121101212112111200221011212012102101012121211121120011102211000011201212211212120002002222110102110222201112110021111101010200211211111212222011201222020021101221201120012110201012010220121111101121020021120201111121100022001021210211002120100111122201211222010201120120122102111000201121201120201100200202011121002201110001221212121101222122212220210210222011202012111211010120110210121121020112211021210112100202122111210112010201220200121122020112202002211112012220021212211112002212222001110112122201200010222211021101102100202212122222121110211121021012010201111011022112212121102212102222222220121000220110012
621 11010222201201111002002011100101110111222101110121110212220112110100211222210200121002122120212202102100101110112010110011001012212102121202110111010121211011121101102001010220201021221120020010112101120112002102100212211121101222112110002112100210112101210220220210102000212000002102221121111120010111120011110121112110110202110221201021210202202100011101010101212120200021111101012111021000111102221001011201111110111101101021121102102111212201111121120112012212110111221111010202020111111121221110112121112121201220012222122202110211201212002110021112122210201211121222220010102000121200212100102102202020022021111220001121022000112202001201001220220111120212122002212221000201002221212001212221221021220212110211212010111022111020021121100020201120200122011211211201221102202212212122021111200101
622 00000220111121210010212112021002012112101102002121022011121201111200210022220100021201121220211011122111102212211001012022000121112122010201102021001021121020122112001111101220202111111120211202212101120212012102011112211011002121002201111121210010001002110122202200102112121101002001221201112001101120111021001210212200121011201211121221222201111101010102110121012000210121112002011001121112220112221021012111012210220200120111211112110012112101201221100120011111002200120212211200101212222112021100211011100111101210221001022202220221101112202202122022221102220120212202110100112110110211011010211012201210001120120210012021122101212112002100002221211211111221201012211122000201111022212102120111210211111110120210221022222122111100010010112020000110100111111112120102210211202121111122100100222210
623 02211121102111021020011012021112100110201001221121100111220112001111212121100200001001021011211221110001201102212110000011012121022212011211200121110201212111020001111111210220111021211000200112002201111211011201121121100111001211001111221022211001002012221220121211101022110201101012221202202121002221111010200221212201211101111202021212111212201011001001020112221120212012101102001020022111211101120011000111020200200101022110212022012101101101000121120121101212020201121211110211220201101010101200102101101101202110012021202202211222001011101120222100101121211212210212010020120001010201011001202001111211121120122010121001122100212211212100102011020020222201112022102221212201021101001211210221112021111011110221211022211221212120011122201020102200100012101212212201101100211210111112020002210011
624 10010120121122111100110111010011212210120112122022001012210211101101121021202100021010121220221211102021211001101110220022100022112012211102200112001121211011022001002101112110212222110110222101122010222202002100000112111212002012101011110012211020002102211220211110102012201221112002110211102100002110021020110112202200111112102211121120122111120111011001010111112110101012121001011020121010101201211111221211122121121100110101211102210212002120200220111111102020000111120212211202020101101120121001102001010211201212122101122211111100202212101011221012012102220211212222222110022111121210202111102121200120222022221000112120001101211212022210101210122210121221221110102222001110022211200211121122112211221200120211211021201121002200001211210111201110200012112102101102212200222221210222120211221211
625 10111121212222120121111121021011010112210101100101022010010111202202112222210101121101011221222102012011101201121000001102110012111202011211220011010011200020120112210000021222202111221120121101211020100211011201000112210212201212002012021122220001012002222221102211211212211100212012212221102110002121021111010112210000210101100100122112021102122112010111011121112110111122102002001010122011111022220100021112121101020100020100111101002111112221001220012022202201100111121111010201102201110002112000211001200211212201112112022202220211211212100220111112221010201110221211222122102001010010212100102122211211122011221211111221112021212222122210022120021221122211202002212022002200002012101201012211220020101010020100212010222222101220120020202002101121111122201112210201221211211201101222011021221200
626 00001120202112112002011121011022220220210211001021100002210100102201111112211202021001120020111102021002101201001001210212210022201202112101210121010121110012021112102012010220102011111010001111012101222011001122011002212111010220012010012112221010012101221220221011002011111011112110121111221211002112001011110211211200211211101211211011122101211221111100010200122020120020212202010010122020101001111010020212110110220100121111220012110012122210202220010011101222100011210101120201011201102101120102212101111110101211102221122202221211101202111200122012011012210211211222101020212102110102102100102001121021212022201210201122122200012222002210102111221111222201011011212222100100111122200200002212200022110021020102111121122211211201212011122121210112210022222211121100112100201211220021000120100001
627 10110210202211122110112211000122121211221112111221100112220111202200211222201201021101112120222001020212102210001120011101011022211212000210120220000120111002021102112101000221001011210210220011222101221212010201020201211111011220012212120010221011011002221120111200202101211102001221222110021110011220010101010120102200211111111212122121221112220112010201000020120010210110200002111001011110101102101011012202021110200101121101121002002010201201011010020122202221000201121202110212210102202110201111211021011212212222002120221202211210111201002200122021122010211101211121221110111021120202012010211011021110112021121221212121022001122212002110212021201120122212201001212222000010112122220001201121111012120110021111222010222221211120011020211021011210201012211201221202112121202202111122020202212200
628 00110201202121122000121022100102211220101001002112202212210211202211112121210200010001100220212111102122202201201101021001021012212212012110201122110110210011001100002210012211101222210110201121121000120121102201100012100112102222112110012212110010002201101222212210202112201210021002221211111110021210012011111121011110112222012222111221121111102021110010011121212222211110101012121001022111112202102100021211122120201102211000222002200112112110100120012111002121111201020202210101100102212102221110201000101221201201101111222212011111111222112111212211111121210112202222112020010021111212122111201010212110022122122010121121111111112211112210102110120020222212102001201111101000022122120210111112100011010120221202211120211222011111000120112110201221100012111201221202210111111212220122120211211100
629 01001220202101100120100101022212221210211112101112001022120201111210101122210200112100021211210122012011201211202010001011112121012211022202200121002221111020022101002201200220211111221110201011012000110112000201121022201111112211011200111121211011002112210220121210212122102211100022221210111021002220001211100200212100021111101211122111122101022101120102101101111120210011111002000021112012211212110010011121021221220202110001211002012000102112201111111121102221021201121210110111010201120111110000101112101102101210101221222202221211111222002212221011211212201021210202120000011202011111102011102021121220111120100101002111222001202222012100002221221122222112212012112222201201112111111101111221112011111111020200222022222222101220001222112020101210210101200201122101100210212222111222001002211111
630 02110121112212110000211101210112210111210212111021212111110211111200200012210111001002120211212111110111101210021000011122001022102111001212101020010020101110010111102011102221001122111210210211202001111222002212010212220110001212112010001121221120011101220221102110002012210000012002222211012120011111120120101110221100221102012202020210222201221101110202021021022021110212102002011011122120212111100010020000112110221201110100120001021012121000111220020021012112102200120212110202011111211102122110212101101111201200201210122211111121102102101211222022121102220011122111111110122001011210012021102102012010021102200211112022122111122211111111011111212010112211002012110021201201102122002201211202210121111210120211122021212121210020110121202011211010200022221220220201211210202120200120020212221200
631 00120211001012110100010111001102211220100012111121002101121110212201000120200200020101210120211022112211102201102101001102022022102212012121100021111120202111102102001210101221212011120010211010112000110222012200110102100022002222002010021212102110002101122221212201102122200110121012211220102020102210011021210111121110021222112221221120222200210112010001001221122121201021201112011011012000000222211101022212122200220100120000221001101111122111101120012111101021101101120201220202110100202111200000110000101120211211212221222212011110111222102121222202021111210021200211112110021112112211122001202201211021222021121111122011122101102221112100112111122221211101202011212120100000011222111201012211111110101211220101201111112112102100000210212012202212110021222201121201211111222222120222020200110011
632 11001221112211021100212020000001120221120102020011111111111112102200011122220202210001012121211101012021110201211101010112110002012212020202210120101010201011120201002001110220112020110201100121012101211211101201120112001222120212112101110222101110002011221210110220001112122001002101201222001021010122021011000212111100211221111211112022101211220112120102001121221020211021201111010020122210210101121011010102122011200212201000112111001021001110111210120111212221000101121111110210110201120212212101221002010200201212011011022202210200012212102110222021221112201111221211221020012101110110202011222011111211011012211010121022122200211121202110202021222011110201012011212121100010010122111211211211211212102122120101112211222222101010210120221111200200220121221212210202212211112121011212110210111100
633 10001211011211221101020121101222201121212002102011010102210110002201212120110201010102221120112101010101122111122110110211000022121212100221110120011112202012101011012101001221202112120010111111221012211212002201021012202011111112000211111012210111202002121220201210001102121200002111122222211220010122120111112111102100221212012211111021122112211011121000020110222110112000112102010020020110111112100010010101121200221201021010221012112100212020101210020012102221100121210112211200001201211211101001201201010220202210102221122212011110102202002111112012002111210012220222011120112000002212111121212021001010122112121201122212122201211212222010001021100020121122002111102021002201011221011210111210202111002120020121221111021021111221022200111101100111100122021201121210221211211021220222101112110200
634 01110121112121120100221021111012110020111201000111201221010201102201210112220110110000111211202022100020111210011011012211001122022121021102000021001010202000000011112010102220100121220220211210222001100222002101120212110211101212122120012222220021002102120222112010101021211010021011222211202221011121001111011011210110111212012202122121022211222011220111011121101021011110212002122021122120111111000111021101122120211102111100120101012002022102022220200110012222010210020201110101111211201012202011212000000221211100211220112212220120102102200221122111122022210121112111211221222101012200001011202112011021002112101201011112122200122210122210021120121120212202012012111020011000112112111202002212211020220121220222211011222200210010100210112020201120100022212211211201112100202212101121120211201100
635 11000221211211011010111011011111110221101111021022100001110110112212101110101201021000010220211212111021222220201120011121012002112222022202010220020122001120012012002000011121212211210220210211102011211121021201000100101100002211002010220211011000001101210122221210201212221200112102122212112022100111012012000122201210221102111221022121120101210021020111010210021211112021001021121111220220011202220000021202122220100000110120211102002021121110102120212021002121101101011101220220101212211112022201211101101212200221102121121201112211201111000100222122221111211111211112212021021011102112112100112112011112202020120111201102012001221222011010112221122121221211202002111222000000122212112211202202111220110001011102021011212221011010020010202020201120000022211221210201211211202211211112000100221210
636 12100121102211000000122001111102110210211111020021211011211201212201110112101200022100120122121112022221202100101010010122101021212012011102010120110211102122121112112001101220202011020120110112212011221220002210020002200111001221101100110201011100011001211221212211202102210110102002112212122021111121112020010110211100221112122222102011111201202112010101010221112101212021210011122020122100102221221011020102022011120101112110121002012001011110212021000112201110101102211201120200010102212220102001102201110101101212102221222202221220101202100211112112222111210202220222211101012102022101211111122121002210111012221201222110112002102120101100012121020120212212212012102121001000121212202201112211221121122201020210112111122222100010120222211011101100110112222112221100210210121210121222010101210110
637 00111221212111111001110021121102120211120101110121110200020211202101100112121100122100111220221211222020202101212010021122101022202211011210100210010011110011010021102000122220202102120100000210120100210211012210010102201112201012112101220121200100102002211221211211112202221110012002212200011120001022211110211211112211221222002111022112011112111012000102110110112011210111102011100110121110212121201020112102111211110201221101221002001002102011111121120121011222101110011200220201010101112111221011101211010202102100102211120212221220112122212111111011101011211101211212120001012101111100012011212011111122212112120001122222111012122221002010102020120021212112201000212021201120012212201200121222210121201122020211112010121122220121111120222011111220211002111222121201111120202212220212110211210200
638 00110221201211111010010011220202120022201022111011110011120210112111102122220100011002110120212221020111102111101001000121001012102122012222221221020020202102020022112011202122102111120010010100122110210112112112010012010102210211002000110110202212202102220121211111102002121100212022211222112111201111120101000112201000201212112201012120211202222111011002011021121010210120212011002010010111211211121100021102120001221201010011101012101001222200112010111212000022002211111001210101001100202121122101211001100210200201110212121212220220001102112012012112112211210000212121111100112102021202212121112111112120211110201122222110111101221222021100222020120111122111201012202012210010012121111102111122102122020111020211222021120222111110010120202012202211101022122112111001112011211221210212120011210100
639 10211220221210021010102221012102011120220111012122110012110210000222201121201201012001110110222012220110201120112010011122001022212212011211100122022121102010010111111010002221202012120110201120122000021201002210120211000122012222001011210121210100002111220221210111201121111210011011122212012000011100102220010020201100120201011212012121212201121012111102012122122110212121101012010001012001112222111010021212122200210200120110202101200102112110101220111020202121110200122101210212102202211220021001211101101222201121102221212222120111212101100101212101211122220202222111021220101111112100112101202011012221122111200110122111102011212221122011012221120220222111212011202212110100121212211212111212020012100220020102110022101211102010011121101021101210101122110212201201211102111211101122001111211201
640 00212101102022010210211011111101122101211211101010001201210011202211200022120201210101122211122012101102201201200110100012112112112122020200110211010121011121012202111110010210102211220221210101012111120211121111010021110222101122102010001021211100101102122221221120002212212100111002220211021110012121012101200201210100221111101211222122222121120011110002121011111120202121102111011102111120210211100110010202122011110102220200200002011210111110200120010022102112111121221111121120210101200001211220212000101111201111110111222212221221010122211211212122022012210112201211111111112101011212112110202110102120021020121120122122021000102212111110022121122220121211022122211211102000101012110201211220211121101211011201212010220222102001010120212002201210220012212212221201221110212211120110010220220110
641 00010210111201111010112010010211010101102101210101201111211111001200211122210100111000111011121222212001001211222000100022122012121202010210211120011120112011021002012111112120221011121120110111022110120122011201021011200122122211112210111021210012012112212220110210202121121100101002220200202022000212111221200102212200220111112202122111102222101110000201000101122100221021201211001001021111212112010010001211021200211000121000100012010001202001101112111022201221011101212200210211110200100021201200201101102211201220001211212220112220001212102100212000121120211012221112110000121101010211112000102002111220112020200100220012212111212122012111102102120120222221112012202221100100121101110011210221100021211121020211100021222221111120111121102110100210100111211100221201111110222121210222000101211110
642 00110021002022011101202000001202111122101121010011101212110201102201111222210200021102021120201112022001210211101010110112021022002112002101102021111210102022021102202000011210202022220020100011012201210001110201011012200011121210002110120112201010102102211220221210222011121210012102222200102000101121001001102111121100222122012112121020122201101012011002021111222110210220101012010100112011221111211020020102122011210101221000221101012100112100202120122122002011001102001111101211110211102111121210110001111002221200021212012202100220211211102200022122021120101011211112121000111222211200112011202001211121212022212220202111011112111211222000002211221221222211212101201221010102002112210211212222110000121111020101212021222121221111001020221011100100110021211111111201222021220202121122010011210210
643 10101221212212021021102121111212120110201012011111111111222211012111111122220201120002000220221102221102202111112000012111011122211201222102200011000022201011120201001001020121002010222110201120112201220011020122010202211111021222012210111112221020002102220222111211102102211001012112120112010120001120111121211221101101211200211202101120221222211112111201100111122021200021101002010010121010202102111011121202122011120100211010121102011021222110211021121122001222000011120101110202010201101112122010212101210220001210002220122211110220102202101101112112121020210220221221111020112102121111211000012101021121210002212210121022111111111210102120212011121010212211101012202122100101011112121101202122212022200111020202222020122212210110112010212020201120110022221210211001112101212210222021100100212201
644 02001211002221011020211111001012110120112012120221000101120210101211101211210200022100012211212121020010200212002000011120101021022222021112100012111121001211020011012002111220101021210200201102001010210020012201110212210212202212102011202122120010002101222121201220102212220102012000222201212002002211011001110212201100121112011122002011120200120101001012111101221011202020100000011020021120220102110021100011121100211000120111221101012000102201002120111122102220001101110201210201000102201122202010211020201021100211202110021201220010202212202101212102121110201211221122021010111001010212112011211102002121221021222112211110111001212221001111012211212110111211202021111222100100121222222100221201211212201020010210212122222221110210000221202020100110000022212212200202121002212202102221010221211100
645 02121111102012021211121011011002210110002001121122011212120022110010211021111102002002121110201102011011202221102220011121002021212222121212210021010111211121020201101012101221002122220010200102111102211221011111120101010210002212201010202112220000102002220221212002111102101200011102221212112121002221021120000222122100201112012221120221221201111021221102020221111121212201202201112100121110012200111111011012121010200101022011222002001101021101101121110120112120010111120100220101120202211100101200202000111222100011002222122211120221011002001211122111011111111022121221020121120101020121111021211001101212022211211111021012212010112200112120202110121020122111212012102211000201121101111201210110020021110110110212222022211110211100111120112011211210101022101212211211222001211122111121020010211201
646 11200221212221111110102200011101001220110121111021210101211101001210110121221202010100011220221211111102002210001000001002111011211202011102110120002121111020020102002111100121202021121121111012102120111222112212020002101101011111001021221111210010002102111110012201112111210101002111222212011020020202101020211111202201201201101222011222112100220002100002101101112220101121111022011010120101200212110100122101002110010012210010102102212210222110202000010211102021002000211202121201110102211011112001212100122201211110002121021212121221211101211101212111112202201211211002220101222000111101121211102020011111122112112211221221212112212221121201011120120111222210102002212221100101001220101011121211222020110111021200122021221021112200021120202102101221000012210211210201211001012211220122020211201211
647 01210011212222012000121010120112021211202002211121200011211011102200111112201110011000222110222111020011112210000010010212000021102212020211010220001112210011021102012011002220001010210100221111212001211112011212000201211211001210012101110020211110122102210221212211112102212201011101222120012101002111102001211021100210100210011012021020222101110022001102001210121010211022202111000002121120211102201010020212022110010202010101121011122000111210210120021111112121101100222201120112200101212120121100102110010222201221101111112202111211111212102010220011111020111211212202210111221021020102012011122212122211022022021110121120022110221122211010212012102220102222112012212112000100011222111101112120220021021221021011222010121111221220211220222011200220001112211201211201121021112202210222010112222210
648 01110220102112022011101120021212221121201121111011011012220200002201211112112101021112111021002111111011211200001001001101001022101212111201201020120021111021020102111101011120112111221121122212222111210110021212110012212122121221102110122212221000102001222221220200212211100101212112112122121021001010000001011221101000211211101201101021121200201112120001000111112110211021001112111021122110202112111002120101112200220002220011111102011021212110101120110022102111001101220202210211110201212110111001221201001111100220101221022212121220200202112201211122012001100210211212001020122101120101201010001011012112121020221201121112022100111220001210102211222021222211211012102011001000122012201000212221200001200110021111011010112212201101120221212020111012101112121221122101211220221210220221100010211210
649 00202121111211220211112000011012211220212001021020110102120201102201110122210212020102012110122002012101111211102000011021111112001211001102100020011120102012101102212010011222202021221121110110022001120112101200001111211011021222001021120122101100012002221221211211102002101200101011211200201010110101001110102221211101212022012211002210221110211202000002111110111220200221212001100020022011101111110111120101122210211001120000121101102101112100001220111122001021000001210122210211110102201122120001202201211011201202001211112211110210211210202101222111001202122112101202212120212112220010212002002112022110112022202012111220012111111122011020110220221122212201002001201112200110112110102201211212100111111221120200201021222212101201100021201001100210111022211202220201121001101212220122100011210011
650 01101121102121021110112011010202211121212121011020101212111101002201112021210201211012010110222212112020211202202010120002000121202122111211111021000011112112102212112002101221102020021121111112121110200220101111010122211000111222002010020022100020001112120111222212001111212000011012211211202121012111010110100210202011222122022212111112121111222111012101111020120001201020202002001111210112110102200110100101222210121101101010111021000000112110111120111122112111001000010202100210010201111112102101212001111110101211101211012112210200212212211112122111111200210101221111220010022002010201112020212011111221211022102101122222112101112112012111002120121221222210122002011221102000121021111202120221211010001211120101121111222222211011010221202011001110201012112211222211202111122120210221110001221200
651 00110211112022021001100121210100200220100100021122011201200122102201101121210201021001111121221111112111202201112211011102011011102112012121211011110120102011011001002101011220102122111020212012212000111222001100010011110111001222000110101012211010002111011221112200112002200100011101122221102120122211021111110222211220010212012222120221221211202122120000001121222022211021102102011001001011000212012111012221021210121201121000212012101010111211000220101021112120100100020202220201000201211101110100202010001221211102200110122202120211101112101011122111002201110122210220110100012011100211211021211201101121021022120100122022021200112211102210001120021021212201002112101220102100112212002201101211211011000220110201211112111111112110011210101011201110101022112211210201110121210122120221010100212210
652 02211120122112110000011020202102101121211002122110111201010211111200110011201201021000201120212121111211011200101101001112122021102111011210110120021221112120022112112010101210101121222110222101212000211221021101110102212120202222101101121022201000011102101221210212002012121101112112101210112221002121101000202222211200100111111201112012122200211022011111110120122120101022202012001112120010111211101010121112022111210201210100220012012022222101121220022010012121100201121201120111210101102012121100212201000110211211111222112212121221120212101021221012012111110102202212210020121011120201122101012121012211210021000101111121012202222212101000122111121110202102111112202022010100121112201101122010211021122122021112112111211111221210111220211011201200000022202210212100211100121211200222100021111211
653 01110211101111120000112010021112211220202201111012122022211110102200211212101100111100120221111211111220211121011101001111010122021122120202112120211110112011021122011112201220212021221211121211221001211121112102120011211111111112121110111222211010102002110222210111201222220100012001211211122021001112010010110122101000220222022101112012220200211012020101000221121211221121101111111111012210111102210110020102022200211111020220111112101012211012110120110012202021011202120222121220100201211220211201201101001212201211202221221202120221200202102111202112011010220110211222011120012001021201112120101201101112222010121201221212121001212221111211002021121011122211102012121110101001021011201101111120211120211110021120011111221221211101111121202002121221100122122212211201211210212210211222101100210200
654 02110210102111121001202011020112111010200110010111111210001211001211111122220101121000211221122112122112211111200000110021000011202202012221220121010011201112101011112102101121202111020210100101111010211111011111021122211111011222002000020222101000001202210120212201001201212000122022212222212010012101011211010201202201221212012222022012120102122002001111020020020111201020102012102001111020111011210010001102112220011101110010121012011121222001001110120021211222101200011201010202000211101212011201222010200202201201101101222212111210110112112002022002221011011111122121002001122111101212102110212221021121212021202100212211112201211211011110202010121210222111012112202121202101001222002102011211221011120212120101122021110222012120011220101011101110200211212212212110210211212110111222110111200201
655 01020222102222010100201012022221220121202001021122010211200101102202100212012201022001021220222202112021112220101010121221021020011222012202100221110022002010101202102000121121002111220121020222002120210220020200210100011012002222112120200222110110112211221122220210002202110110102102210212021020001220010221100122211210210122102222101020021002210001000201121220211112202101202021022211111111102101212111020101122110210101211020221012002210110100102021201022002122101200112201210200200211011001111000212200022211201222002121111101021210202112002010122022110002222101101122210011021001002112122011101122101112001011210111111011012002201010121100012122221100221201112021112121100201112221201202201111210010010110021101020021222222012210010020201012101221210012111221210202221110101110200222000012221100
656 02111220201121021001201110000101121221222211112122110112200210102100112112210201111102110121011102102010012220102120021122111011002212011212111122011020102021212021011012011220101022221110111221201000122202001210020102100120112211012212021111111111102102121220100010102201202110112112122220101121111111202010210021112200112202011201022121120201110112211102011021111020201112102011121011021010201211021001020122012121110102220100212012101121012110210120021012011121110202120212221221110101212111222101110021111111101211102212022212201121102221201111111121112121121212221211120121101110111110001011102000120220110111222120212022012001221221012011012110121120121110102022212220111000221121110200121212112121111211110102012021221221102221220210222110100220101022222211221200201111202211211221011200211211
657 11120221221221222100221012001012010101111111110021201102122210002210221222200201122002101220221012002011112211201010011012121122001122111100201021001120200011102002112000101210101021210110112100212100111201002001010111102011000222001221111122212001002111220222211002000112111110001102002220212111111122120110100222101100221112112211022001210101221101020002011101211221200121211121011010121021022012212002021102212220201200010100111002111100111021011221222112002220001212101211120101222001210002221101111100111021210100101211111202221220110001101111121001222120111120211202010102012211020212112000211022112221111012121210222022121011122212122010012121111121212202212002202102201100121210110101021222221022120022020212222002212120111010111110222002111100202102112112221101212100212111200222111200211201
658 12112120112210022110111201001121111110212112111102100112220211102210211112201200021001121110221111012102202111202111011021111011012202000202211122010201101011021002111101101110201121221010100011112100101111102201010012210111111201101211210021212002001001200210111120112111102001111112212201112110001222001011200221022010120221000211021022102211122001020001002011212120212020101202010020021011101202110010022112112200220212111000202002011111010101001011110021102111010200121211110212210201100022221000001011000102202211111121012211121121111212001100221011121122200001211112111100211101111100112010202101122211112021202100212112222020212221001011112111021221222201122012112221101000121112111010201211022020221212110202221022212222102120012021102020202111211001110211221102001100121201210122020111211100
659 00101220112121221200111011021001101221211111001120001112111120012200200101210101112002001120221202100021111100101021000112011202011112212212210111011020111112122121022021011122002121221010210011010111221221002102010121201021112211022110000222220110012011011222222200101112201000001001102202110120001121021211200112221001220002212212011220212201210002011201121010112120200011112212001101121000022102201112000001021000122012111101121012001110222100102120010112102121100100111112210221221202102010211100202102000211201122202220122101210210102212112111122001012000220101200011101110122101021211122110112101201222111022112120122212112110222221102000012200221100222221112200112120100100212112111112011221100121202102121110222012222222010120020100010011110001101111212222210102121201212212120122020210211212
660 00221121210121110000211022000110111222202212100012200121110110101210122022210200020000120120012111102011102210012110100022012001111211020202110020010221022111122202112000012221212012010210100112111000120211002221020002201102102212022000211122200010002001020221212210001210120011012102221221202220002211211001200221101200220112012202121022212202222021020102111210122101200020201111022011121120121212110011010102210100222110211110011002101101210111011220010012102221001100201212110112211001211120220110112112000120201211100112121212121210111212201111122011112020122012211221110110012002120211111000102012100121211011210100121021022211211222222111012221120120121222111002202210100100210111201201110221101022211110020222100111222221111220201220201010111111121122222211220111221121211121111222000010221200
661 01011220202221112210222001011011200110202011212022121112000101002200000012111100012001110211211112011022112221012020001122012112212222022202210121010120111021021122002010011211202022221110221212121111200211011210110020111101010221122120110012210000111102111221211110002112211200011101211212102011002212110210200121110100111212102201211120221211110000101001121120112011221121002001111000021211101111112110121112211000210200222001212002101111111211101220000121011220000110220201210201110101201022102001212111001220212002010202112101020200000112001102222122112110201212111112121121120011010111212021111012111111221211110100221022122100102121022110002020221122122212102000212112101000111111211200210121221021210211010200211122221212011100101221202112000220100022222212220201222102112112210021111011211210
662 01122021102111022111012100002102210021102111110012110212210110002202112111210100010001220111211122022021111221002010120112021012212222010202101022011020000020120022102011021200222022220110221111022101201111102221101011111212110112012020020022200001112002220220212110202011122210011001212211122011001211100000102111110100211221001202011121221201220111000021120021222120220111002011001000122021211222210020011201122000211001222000111001112101212111211210021112002211010001211112201101110112111011221000221011100210201101102211102211110210111212102101222112010011200112212112221010221121111101201001102002212120222122221200212110101101122221012100102110211111222211201100212222101101012111012100111022110022200121020201212211122212112100002120212012100211200021212211120201221111112201221122020111210110
663 11201200221222022010221010011002210111200002101011200101211220201210211122210101110001111120122221011012002202100011110112101002111111021211010211000122001110111000212011001211101021220201200012212011220122022212200211101210101211002101110011120010122002110221122210202102202201011200222111112011011112021100211121112211112101212221012012122102111012020101000110121201211010100111101112121120101202101111010102012111100201010001122111212200111210111120021121112121000101122202221102221112211211111001202100120112201211001100222211200210111112102001212111002111011101110012220202011010020100012210220222011220122012112121121022012000202211111010222021121220112101212111102222010100002210021202112120221001100120011012122220211221110120021220112020211100201012200201120211211022001211011022020201201200
664 11102210112221201121101120112102111212212001121120110101120120001210101111211201011000111221112212101112002211202010001122022012102211010101211121011011101111111202212110100220202010121020101102122020211222002101011102010022112212001101010112220011000102212210222210102212111100012012211100111221002210001020211221212211111211112200122121122201211102020121210211012110110122211111112121021111211122121211122002022201210102220010122102202011212110101120122122002211010002121202221210200001102121222101212211010111211121012222022221211210120111002102121021112111122002200211210022122101121120022100112122002022001011200201211021012001222212012011012121121111202211212002202122000002120122201202121221220121110221111202110022211110210110011120012211211211100121211212221201202201101212211122010021200102
665 01100221101211012200101001101102112221102002102122120011120221102121101221220100111012000120112202001021001201101102001010021011122212002222210021110010001021011112102002202221202111211121210002221011200212121121121111011111110211012011110011210110112102211211200200012112212010202012112121212111011001121221110102212010202101111201112212221100211011020010101110122000200110102010001012120120211211210011112102122200101100121100112102002001122010111111210001202001002100112001121202010101121122111101201000001000201211110211121012210210011022112111212112221121221001221111221110022001020111212111122212022021122112202121121222002211212222112211012010122022222212202001212122200011022212110201122002102122110010020220112101122211111200010020101111202221110021101212110101211020211210211221121001221201
666 00002121202211211021012111012112111121221012010111110211220211202211011122120100011011122220210002122111111111102000022112100022002122111210100020110022201020011012202001221211112112220110100210100102110111202201010102101011102112002111201122110110112102222221212110102212222010122002222201012111000220011110100212111200221112012002002011121212110011010011020100122110211111201212001021121010211202210011001102211111200202222100111001001011102011222020011221002121001010220201110122222201002221121101201001011201210202102122012202020210222202212100211112101011201212201101220000021102010001111000112021112122112122222100112120222101222211021011012111121211202200102011210121200101122022202100222222100111102100020201221120222122110220021021212022212101100012221201111210121211201210220222110111210201
667 01020220202222221120111111100102121121100102022021100020120200102201111212021210112011011220111121102120201111111001110212111012102112022201001110001120021010210102012010112210222112110120201002011202100102102220100002101211111111102110221122101010002102020211210110202202121200111112211220202121011112020101000121011110111210102201120111122200211101110212001011111121211121212010020121122021112202200202110101021120211112021100120002002022201120111220021011011122001100010201120220211212102112212100012212111222201112212211222101011220200202102201222212211111112222211200111011012101120110121110102021012110111011021101212122102101212112122100022111212110122211002002211112000010102220210110002220211210100010020201221011121121011100011220121010011100210012212222222201221111221202200212020210211200
668 20120221212221021010112011011102111111112120211022111112121201102200110212200101021111011121210122012112111222101020001002100012002222011111111120010111211021022112011110102220102012120121222101122012110221012102110112102111112222202201021112222010112011120220220201202202200200112002112222212021100212011111002121200110220022101212112021111101210002020000000202122210201121201022012000220111111202220111120102122101121221110001202002112012102011101110220122102110001211110211210210120211110012101102110200011121110221201221221200121220200101002111211112120110211120211201011011122220020111201010121012212212012021222210212112121011112221211110002021222020122201202012102012101000022221102101022221210011200011021201211011220211202001120121212011111221111122111212121200220121202110111222110111210101
669 02111121102111211200101100001102010221200011112121011111200200202121211021010101022102110210100122012111200201211020020222111111202102012211000111111111112021020101001110000221102010221210101100122000220021011201110121110111222211001111221222211010012102220222221220211101212201111101222202112120011021000100101101222200011101012112122121222101201102011002021121122011211020211012001101022111211201111021020200022110110101220000221102102010202000101121122121002220111201020112200100011201211111120100110002122112112200112221212202211010001112121201122022022201112120200122122010012101122210122011112011222021212022202211111121112212202222122100011120110120222220122002102222011101021102211101112221122121112211010211211011221211110120010120210002111110210022110102200001210012110212121222010110221210
670 00021121212020000020121010011111122220211202100010010110210210202101210112121201122001112121212221111010101201201000020212100010112201001201201110101122111010021112212010111220202021120010110200211001111222012211110202001111202102021200111022200111202102212221212110211201222010021102122201111221001221120112101211221100110221002102121112020201020012010102001121021001101002202112101021211000122211211010011202212211020101211101201100101012212021212111120020000111110002211101120111011102112110221001201001011102200100102221021202122120102212211010121122102011200101112202200110022012110002221002201112212022122221012101121112221002222211012002112021020201222201212001201111100010021222201101222212210120221111020101212111211222011111111121212020200111221010111212112201111111112110120222110210210100
671 01000220211211120110111120011221101111222112112122200112200221102201111122201101021002221020211211110020200121102101010122120120022112202202200110010022200001110001002200112220102011220020110001122022101211102112211022010111102122011111010112211010002012221221222120211111201210110002022222112021011021000021100101211211210102102210012011122210212012001102011111122211102111211001002110021020110101111211110100211110221101011210222102102122202000100120222111101020010111011212211222010212112111121002222102110110222111102212122212111020202212001100221012002001221012200222120220121012120211121021112121202110111012121100221112122012112211212010000220222021211110111221102121001110211211012210221210222021120201020101222021222120110210020201200002101110101022122112110201212200202210200112021212212100
672 01110110112122121210210112011011110221101111120121120122220021001211212121101201011002022220101121201101202102112110010221101112012222022212111110110112112111021101101012120221112121210020210102212201212122011211010102020211211212122212011222221000012002111221111021102002101100012002221102122221002220011001111221111211201011011201021121222101201112111102000120221021211112202112111210222221012102210212010101211101201001012120221011012110212100101120120111102121001101120201220201110202212010121201102101001112210120102120122202110221000112111100022021112011210111210222112111111101121022021001201002111122121022122110021021221001102211212110102110120010121212101012101222100001021111110201221210212011101010120212221022121221220010110121212010211120201022122212212201211100101210011222020110210101
673 00110220102211202020211111011112211211202112222122000002220211001201201222201200022000011221221221111012200202102121000111012021112212021100210121112112102000022002122011112020200022221100200020002100121022012201120022210112201211011110212122201001002011210221111210111112112110111001221200121022002211001220200211112110112112111112022100121101110010010002020002122100212020201101100120021112211112120011000212121220221100021100201011101010201201211120111122212211011200221102200102110201211122222101002011102202201210121222112201121120111102102202122101211211200201211212120110121001100111202011202011012110120020211010102011121120212122112200111111111021112212212012001122101000021112201001120220021011100111020201211122222222101120001121102020001100100012211212221202010201112200101221011111200110
674 01000220201212021010112202000102121011211212022120001022220111100201211122100202010101021221222012122211012200112112002122011022212112001110101021110210101112021002101112101220101122121010220011102102120112012102020102221011011220021111011112201101102012211210201210102011111201012112122222111120001020111012100211112210221211001202021122121212211202020101021021022121211122101101110011222111211102120021022102012200221200121201120101110021112100111010110021102112001200200212110202210102120202112111001201110202201220101121121212221221200112002100022022220001110211212212121100011011110211021021212011111010200112221210112022112200122212012110112101220120212221101012211122211101012021011102200222211102211120020221122021211122212101220120211020101110101222221200221101201210122211201121020202212111
675 02010220002122210200211010021111010120101012021111120210210110102102201201010200221001112120101222002022101110201010210211112110112222012111220220110011202022202102202010221220111002211211211200112010210121010211111110212122102211102110100222200000112201120222212221102102021100112112222122111120111120000110100220211200220212101211202120220002221000111001001010210110212122202001002112110121102110212111210101122110101102200111221011000200211000002120110012001121110100121211210210111211011112110011121101011212201211001212021212221200102212102111121212111202222112201222110211012001001101022111202022112011110011110120021111012001211221020221022121120221211211002002021012000100102101201201202121110010202110010200110020222212112200111120100122001211010022112112200100211200212222200212000010220202
676 12211210211211111010111110011011100221211121012111101010110221002211101012211101021011021221222102210100201220101010020121022022111202010111110212020011212010020002111021010210212011221120200121102010111212011202120000110121022212102010110111111020011202210212210210101101111120112001122201112011012010110021000112212210111201112212122121211201222012011102021110122220202020101012000010121101212112220121012212122120110200220010102102201010112100112021011021102121110110221201120101100102200121212100110201011200200200212211222212221220001001211001211101120112220012112211120221021000112100011100212101122120012122211200122021002102222121102101021111021121221011202012202212210010012002212211012210010021120121121102211012112122102110011021101021101210112022111102200201210120102211101022000111101201
677 12010221202111022020011021011100200111211111010121120102220100202202000110111201121101111111211222020010221200101110012021001012112222112102120021110121101121001012102100000210202122221121220121111101211212011101101222102111012211102020110212221100002001121221222210202202210100112000121212112012100221111010010221221100211012112212112221121201221011110100211210111110212122101012111110120010212201200201011211122210221100121220221002011121222010102220122112100222101102220111121201100202112111122102200100001010201221102121122201211210202221202210211122112010210001212112111010111101111222211002212111112121222121110102110221022000221220002210002120121120222210012011211122000100022021222201201211212121010010220201111121212121010100011120212001201100200022012210220201211112201211112122011211212100
678 20011220102212022020102021011111110222021202120011100121010211102210110122211101101000011210101101101011110201221101010212121022021112010201202021010020102012111102012112210220122010111111110211112101111012102202020112200022020222011002111120000110002002110210210200002101011001112002222220112012002120020122001221222000201112111201112022110101210121021202121210212020222120101011002001021020201201210000010202122200200200212000212010002011202120101110220012102121000001111101110211011002110102111100202002101200101001012112212212221210102222101201122012211222221202121222110000002000020011112020222012211221122010110100121122112110211122012110212011121120211202002011222120202001102002201111212101121121112121011200201121222221101120210121212010110210211121212002210200121100110121111222010110121210
679 11011220112111020120012121120111112122222002010102122111120121102200010121220102111001022120222202000021211212201100000012210012111102011202210020001010200021210112102001121220102110221101100111001110111221011110010111111212101211122110111212211110002001111220111210112102121101201000202221012220001012000002210202220110201211111111022202212221120012100101100221222110201021202111012100022211122120111011112102212110210111220100112112012101101100101210011120202220100001121112121102111202221122212100202000001212211211112111022202221210211112111111211112012011111221210200110120102002120110102111111101112100012112221012221212212211212122002100012020122110221220101002102011001110011112111211112121112111201012120111211112221221202110120120122201101211111011211101200201211010011221121212000211211210
680 01011221101121022011111001102111200212121202122002120021220210101212101122111100022012021120212220101020201202201010111111110011202102002210100120110111002010220022101001112201100021220110010101221111101221121212010102102121112101112211122122200011002002122120221220212201211100012102122210022111010010120112201201010200221121012201021101021221110010001112110111022020211021202102111010221010112102100010022112112120220202121101211000001011102111112222021011211211001001120111121100020200002220211101212011011201210211012211120202221211112212211111122122001000211212201202111020011001120101111011201012212120222112220102122210002002112211011101102001120022222211212010222220100000001112101200211221201021111221120101221020222222210120011020122112201120110011222202121201221001112222220221111120200200
681 00211220112120111110111020012201110211111001112012011122220211101121202022211201121002122221112202211010201201101100010221110012001121111112220121001021110000111222001011102220210022220121121101222001211111001200000120220121012222101111210121101020012102221222211210002111111211011012211212011111012010012210100221101201021220112201022021122202211002020111110121022120202010101012010111222222110212220020120001001110210201111010202002101010202120100222212022102121010100210112120101110101211211120102221101011220101111111210120212211100210112211012220112021022001111201122110110101001110121112021222111120120220022110101122221101101222111111001111120220221211111211012211221111201011222002202111212021112010111020202221112011121100010000121202111101220010012211211111102202101102222001112021101210200
682 12210122112122020110011001011101020221212001221121100112210101011100102020110200200002121020221201001011202210112201020011201012122122020221100020100220202011120100112002110220101222211011120010001201002221011102011001021111201201012110011021200000111002211210121210112022010200012102120212021121001201020011100220222000200100021210121222121202102012021101011121111120202112212102001210020011112101110022000100221200221102010120221012022101121101000112221122101021102101020112220202220201102021101100102201000221202120102222022201110221001101100210122101101111211111210121110110021210020201122020201001111222121022111020222011211011222101202120111110120020212222101011202222000100022210100102221210112021020021110212211122201121202120101222211021201210100022101212211201222210121011110212011001211221
683 12120220202201111101212121111001110221202010221121012211121221120210211122210100121010111220221221122221200111212010010022002012221112022212120122000220210120012212102101021221202112110010110202012021120222002222020112110101102222002202121212210021011002211220222200102212211000102102111122101020001221000111100202222201221211121211122012210112210011011001100121211220201112212102011100021100211112210101010101011211210100110010210002001021212001212021110110012110102001100101220002120202212011211001102021202110202200012220122211110210211122202201120122121001200102210210021020122101210211222110002202102121111001221121102011002111112211211000112020222021211221101002202221100101002102211211212112122121112100010212120021121121110210001210101011202121200012012101121101222122212212221112010221221201
684 01000220201111122021101111020112220221200121022111220011111200002202222122111101021002121220202002002011100202112001001111111122201202111202100011010022221010011112012001020210002112221120212210021210120112011112000001202012121212112111111012211010002012221221101212202101220100122112121211111121001121110012100211111100222101001212211001122211110022110001000020111111221021011212110010221010002110111211021202121110210210221100121002121012112210202210111022201211000101201202110200120212001111122101211112100120101220101120022201221220200012101201222022122011100121212112011020122011121101212011211001022122121102221200211111121111122222012110112110211000222211200001212022111000122012100110212212211012200210020201112120112212111210121020212120100111111111212111221110212110002201121121000211200101
685 12111221202221011010221021221112210202221121021121211022210111201201001022211200021201020221221212111111112101001000011120001101222101022210110211020020102021022202100001101210202021220010010202202010210212012200010011100221011201102100100100001111001001221211220210112102211110102012212222112122101211110010110211202200210102001202010112112201222122011101021111012100102121212012121121220121111202220111021210122100120201211001222102102011022201011020111111201112000111020211220200010202211221002202201111101121201210111212221202221221001202211111112212212221210222111221112112021002121101221011211012002111112012222101212221022002112111001211001221010120222201201012212110011010021122201201222210211112000011110201121101122121112210020022112021200110010222112211111210110101100221121122000000211111
686 01111220102211022210101111010011210221222101012121201012210102101201202221211201011112110110212102101011201210102211111201010012211122001212120121001120112011011112201101001220002022210011200020212101220112001211011111111021021201001112011112111011112012220121210220212002101111001112211101220120001011011021000210111100212221012202122222121121211110020001121011022121221021202102121122212111102102020012010102022110221201210010211002001020102001001110110112102222000200221211120201110202102002112210202110001211212210001220022201220210100202001201122111111112110111210211221010022112010211112020202000122102111021221200121222022101222111012110102021221112222112201011202222001100012121210101101121101022110111110202201111221222112100011021200021102210110122122111221202011220121202200122021211220111
687 02210111102221011022102021010112112201122012021021010102220200002200200021211200020101001121120011112000111120201100010022011222112211111201101110012201202021121112101010101220101021121121110122002120021121112201210202210111112101002111121102200001111112220122221201202101212201001010211200101112111211001121111221202111121100002212102121122201112002000001001111111020211120211011101011112111111102210222020222022111201001011000210001102010211100111220111222102020001010111211211200100101211221221000202210112211101111002020021220220220022221202202122011102101110202211212111120101001010110112001102012002121122021211010211020021101201122011000111210110011212212011012211220100100120211202112120222211121020221020201221121222211200000010121211111100110220011212101121201111001112211111212110111210101
688 11211121112222020002111101001012121111001012112211111101210210001100210120211101020010220120221202110121110210211102010122020020021102102201210011000011211111021102002101212221100021221011000100121112111222012211020212010111002221001112000111211020102012202222221211202022212001110001122212112021002110000021100211211101121102101211122211221110210011011001001110122020211010101001011100111011202101110221000100121210210011121220112002011102112100201111221211202020011100121212200211110001202012121101201001102122221211012211122210121111012122101100211112112101210211211222220020122101021221011001102221022011012012210120022122122012222211102111111210220211212101002112102221011101112111101210221111121021010201020112121121222121212120001012201011211200102012211212211202201110112221110122012212210110
689 01211220212202120011111011112002221210202002011122121011111120002200201222201000212100101020122111102211001111101001011102120111211101122121100020010110202011101002112011122210201111112210010011112110002211001111020112110111110210002121120212120001011111222122010221201102212001002102112112002120111211021210011212111200222111111212021022121001210212022201011210002011212021202002012111112021210211010010122010022020210100210101211001011200222101112110100222112112000111110211120211111101110211111010120102100120201111001121212222110121111012201010121012110010201111211122011120122011020002211010112112111112111002112200021011212111201222112110111120120011222221102022112112101001122212102212222122221020001101021110011021111112221121011220112011110221101022211201220102210212212201111222000220221200
690 12101221012012221010011000021012111210021102022122011211110111201102021012110101102001211221212112011111101121112110000212001101122222122202120022000022201120122022002101001220112111121110201111012112101001112101021101101201210211002211221211211001012102222211221100101222122000122022220221011210112211100112200221111210220012012102021012111212212102121001101220121020221021202100001221120021102212101101001102002110121001201101211002112102122011101010111112222012100100111212220200010100210011111101212021100222202211001222021212211120012202202102222122222101210122200212011110012102121212221100022011112120112011210101112121012101120201112200012020111010111202012002201111101200101110211200100221112210101010021211200012211122110100111111111111121111200112222221221211220201212201220212020110222212
691 00101021110220020010122110011102100121011010020121011102210211000101202211111200120001211220221122102021202021012010020112000021212111011212111120012110102110010212111110002220212221120100201101001010020121001211110212010121121222002211011122010020012002111121122211201112110112022002222211102001002110101111220120202110210212012122112120221100112012001002011011121000212111210101011010022100210112100021010100121211220101221120212101112202112200100220122121002021111101111211200101120101200111121101211011000110101120202210112211110011211212211111212111212121210102202220021010010101021100112001201012122112222021210101122211112101211111011120112110010110221112212012102221100101002222221112221111210112101121010211201122121211001110000222212110100100100010011212201201220112221111222222010211222101
692 01211211101211121011212110021112201220101021001222111010120210002200201222220100021100120020222212112121101111211001001222022011211202102111220120000020202011122002002112212211201012121111100110221011101210112101220111111122201201012000010122111001101001202122120211201102222011101022221102102020001100110110011222211100111111001222112110120000210102011001021110112010112022201002010000021022201211210100011001122220220101121200101002021210021002202200211121112021011200020222110210010001211002111101211100200101211221212121222211001211122022211010221110201000201111221212101120022100012212022011022212122122222012112110021011122001222122102011111110111001222212102002112111110100020112112201211212111021110102121112211122111212211211011221102122111210111022211211210201210100212211211121000211220001
693 00100221101211120001220221120100111101112011011020110211110220202201212121201111101001010211222211112011200211102000011002110012001212111201110020210121102011002102112101211220202112211220110102112201220121012202110012121021100211011210021110100010002012211120211000202202110200012120211101211111101112110021000202210010211202211212221111221210011012012211010100121220200111211111002200021121200212121110001202122210100100211100221002112001122201102011000022002012001111121201220202100101210211211001222202111101221121102120122201220211111202111201012002110102202101111222220011001101010110112120212000001122012022220210112112112011222221112201112211221120222212102002112021101100022221210200211122221011102010120110001021121122121020111020211021101110201121022212111202212111211022100211020210222110
694 01210221222201111001111021112002110200102001020112221111221210102101102122112100212100001120122202212110100111012001111122110122212110011221010220020110122020020102112002222220201201011220110210102010101211021210021202100111010122102112120211210000012101121222102112001202211101001002202201001120111122011210110221201220211211121211021222112001121012011002100220102010211010201011010210122110202201100020122002021111210200210010210001001101111211202120110012112210100120010200220201000101202112122000010101000110201200001220211122120211000221201112112012111021210121210222121021112110101212221011112111111111121001211200122121222011211221012110112021121010221121101012212022101001012222112201102122212010211121010200001011021122220020012221212002010211110022101211220100201211212201110222000201210201
695 02001110112121111110102000101101112221110101012021110111210111102201212112201210122011111210121122002210200011200001111222111022102211022101101020100120012010011112012110101220102012211110012101110101020221112111010012111211012111101211120022121110102012110222212220101112221200112110222222212121001210011111110221122100122202011202222211122200200112110101100111112221212022201101021112011012012212100111021101221120101102110000221002012100102101102210211011102010102001100210220210101201112211220001201102011221211102102111112201121221200212102112112122011111112120201121110010002201010200210211101010212021211012112111022122021000222102112120102220212120222112112012201112200201112120200101212211221121100211120200111012222122111101001010111111112200101022102211211211211112221111112212000211221201
696 10112120002212012100101011011111110222110102020010100120211211102201110221201201101000112220102101012011102200121101010112020012021112010211200120100000102012021001012012220210222011211110010201111002112010202201010112010122021222011211111120100120002012011210200111001112211100112002222221211112002121021121100212112100211110121212122211210101220121020202011120212120211120202102101112121021101201210010010202111111211101212000112000001010102000111111110021102122001101121111111210111100010001110101202001100101200002211212012202211210000211101200212012221122221202111212120011111001020011012020222011120221112010111101121021112010212122002011212120122120211212012011222120001001000211202212212221222121112121010210201120222221100220220222111010011211110120212201201100221101211121211222110010120210
697 01110222102121121100012112011121111200112101012022212112110201111211110112210112221002102222210112210002101121201121111012000011121222011122120011111112202020022121001010011221002111220011220111112100111101010212010210001102012222002100111101200010112101222222222101102111211001221012222222002201001221001122101200221100221001112110011221111112111012121202200120112220200021201101111111012111101100112002021211022010101102111021202102101102101121200020120121122122100110112211121201110211120210212000102111000221102111000121022222221221112211212111221002021001200211021112110001011102011211222100112001102121112110010001122122022102212211102010002020221110212212122012212021202100102002102200011220202111010110011202212101221222210110120221001011221110110002222211210201012121111210110212000101112110
698 00111120211220020020021121012101200210220211201112102201221210102212102222200201022100200200211122120020111121112000110202011012222011111102200221100221201100011100001110011222212211221010201110121110021211001101100211000112101222001221010122221011002001022222222121202212120200102001122212012002101101111010110221211200110221122212022221221202112011210101102221122010201121200112011111012000202212110022010100122200210001011020112101121211102100100220122121002021210201211210210201020100200221221000111000000211100120112221112212111111222011111210222110121212210202212221110010010111121201011001202002111211222011111110022111012101211110012110202122020222222101101111212120000100011212211200210222221011001111020221201022112211101010002221211101100200111221101221202201210112221112212212000200121201
699 11112121102221020110211011011011011110121012001022211110120210002210211210211112000002011220221012102121101111101010021001020102102222001202110020111011100012021102012201100210202021222221200001102111021222121201010112120012010212001111020221120110002102021212211110212111110100112011201111101121111112011011101202201210202220212202111102112101111102021110010010121020200120221002111011022110201212210210111202211210110011010110121012102100222010102010100111002121102212220202112200100002200112221002212101021111202201112220021202221221021202111111111022111122212201111121220111021100020121222110212010011221012022221111121211122021212202112201022120221121212211002002112121101010012121211212101222222021200121021100022122222121111120211120212021211211111011212211101201212121112212200221020210212211
700 01000110102211111200012010010101111112211002021112010102010111211110212122121201121002211211212102011122201121201010011202002112102110011200112010000121212010020111202110110220112011220121211110022000121211011200200012211111101210012101111112220010022102112221210120111112221101102112222212112121101011120021100221221110211111000212112120022212021101010101010201012011202122102102012000122112212111221000012111122110210101111002122012101100121011012220020012002122110101122202221201211101201100122002202100202111212211112112122201101220100222111011112022100201112122022212220112022002000000112200211201002200222002201001011112212100112222102110122122122121222121201002112111101110001222212200112102221110210110020211212022221222102110111120112122100210112112200112201100201121211122210221010211201210
